shot_id,rally_id,shot_num,time,start_frame_num,end_frame_num,player,ball_type,backhand,player_A_x,player_A_y,player_B_x,player_B_y,player_C_x,player_C_y,player_D_x,player_D_y,hit_x,hit_y,return_x,return_y,hit_height,return_height,flaw,A,B,C,D,Win_rank,Lose_rank,Win,Lose,current_win_score,current_lose_score,score_team,lose_reason,set_num
1,1,1,00:06:06,11008,11023,5,short serve,1,28.63984734,94.30079233,31.75121742,113.67710019,39.85875701,42.90736527,26.51413048,27.07478513,-139.84689655,547.81822498,39.20412419,56.27824596,2,2,0,5,6,7,8,198.0,267.0,3,4,1,0,3.0,Failed Return,1.0
2,1,2,00:06:07,11023,11036,7,push,1,34.00137795,88.40761999,32.78076956,114.21355963,39.44327361,50.41930491,27.49235413,28.19857202,39.20412419,56.27824596,49.87595004,114.32443628,2,2,0,5,6,7,8,198.0,267.0,3,4,1,0,3.0,Failed Return,1.0
3,1,3,00:06:07,11036,11068,6,lift,1,36.69009487,87.09229008,36.82591516,111.60902348,42.07692637,54.20235613,28.9064314,26.81946411,49.87595004,114.32443628,52.38154747,12.53879323,2,1,0,5,6,7,8,198.0,267.0,3,4,1,0,3.0,Failed Return,1.0
4,1,4,00:06:08,11068,11080,8,smash,0,24.75965182,109.45596593,48.76103736,122.48008247,45.0692948,37.68181993,44.85214647,8.42598864,52.38154747,12.53879323,59.11508432,113.32743783,1,2,0,5,6,7,8,198.0,267.0,3,4,1,0,3.0,Failed Return,1.0
5,1,5,00:06:09,11080,11094,6,drive,1,24.16023417,111.52588714,46.77271105,118.06180106,39.87857251,33.17175837,53.17764863,6.65760869,59.11508432,113.32743783,36.87341224,37.30704664,2,1,0,5,6,7,8,198.0,267.0,3,4,1,0,3.0,Failed Return,1.0
6,1,6,00:06:09,11094,11104,7,push,0,24.89458095,115.227577,46.02103294,119.14716948,36.48645133,35.80025341,49.66427032,8.23941927,36.87341224,37.30704664,49.39080869,117.53625334,1,2,0,5,6,7,8,198.0,267.0,3,4,1,0,3.0,Failed Return,1.0
7,1,7,00:06:10,11104,11134,6,drive,1,23.98868348,114.688232,45.90533824,119.14643575,34.72734024,37.59122763,43.12937786,8.6428695,49.39080869,117.53625334,55.96062601,121.96778493,2,2,0,5,6,7,8,198.0,267.0,3,4,1,0,3.0,Failed Return,1.0
8,2,1,00:06:22,11477,11499,8,short serve,1,30.60600587,111.04722304,41.95087169,93.46689296,33.84664888,26.86431008,27.31864632,45.36277925,-139.84689655,547.81822498,35.37258267,78.48978519,2,0,0,5,6,7,8,198.0,267.0,3,4,1,1,4.0,Opp Grounded within Boundaries,1.0
9,2,2,00:06:23,11499,11520,6,net shot,0,30.71131003,108.46896521,40.30260266,86.23568241,28.02901963,45.69305062,32.53272697,27.12937087,35.37258267,78.48978519,28.56912864,44.72758381,2,2,0,5,6,7,8,198.0,267.0,3,4,1,1,4.0,Opp Grounded within Boundaries,1.0
10,2,3,00:06:24,11520,11559,8,lift,0,30.26887027,112.08870996,30.02009395,83.11151019,31.88853356,28.79979492,20.89599855,43.06176567,28.56912864,44.72758381,4.11539745,119.98043324,2,1,0,5,6,7,8,198.0,267.0,3,4,1,1,4.0,Opp Grounded within Boundaries,1.0
11,2,4,00:06:25,11559,11572,5,smash,0,10.19988944,119.46846433,18.26819172,99.92561081,32.40269724,23.04307804,10.21475202,17.35713,4.11539745,119.98043324,47.49341935,28.94054756,1,0,0,5,6,7,8,198.0,267.0,3,4,1,1,4.0,Opp Grounded within Boundaries,1.0
12,2,5,00:06:25,11572,11595,7,drive,0,3.69229821,126.73419291,18.32161085,101.38514826,32.22627254,21.71219618,12.29938717,14.1160895,47.49341935,28.94054756,53.80155983,102.1176968,2,2,0,5,6,7,8,198.0,267.0,3,4,1,1,4.0,Opp Grounded within Boundaries,1.0
13,2,6,00:06:26,11595,11637,6,lift,1,18.63959734,127.40116893,37.70498686,102.0074515,41.9786609,29.73799513,19.35800665,24.81186879,53.80155983,102.1176968,49.6008346,13.24174062,2,1,0,5,6,7,8,198.0,267.0,3,4,1,1,4.0,Opp Grounded within Boundaries,1.0
14,2,7,00:06:27,11637,11647,7,smash,0,24.32837056,108.42648117,53.28791074,112.7635723,48.72292439,10.3454536,35.88077843,32.26324691,49.6008346,13.24174062,42.49158512,114.80794711,1,2,0,5,6,7,8,198.0,267.0,3,4,1,1,4.0,Opp Grounded within Boundaries,1.0
15,2,8,00:06:28,11647,11683,6,lift,1,25.00037276,108.43095394,48.98017969,116.45467431,47.11070331,4.78252809,35.11572934,31.966881,42.49158512,114.80794711,3.35840493,8.96461605,2,1,0,5,6,7,8,198.0,267.0,3,4,1,1,4.0,Opp Grounded within Boundaries,1.0
16,2,9,00:06:29,11683,11723,7,clear,1,16.67329416,114.64090091,33.15204867,106.45277576,15.49371532,9.55318235,18.08667752,27.2761365,3.35840493,8.96461605,12.95909862,126.79080463,1,1,0,5,6,7,8,198.0,267.0,3,4,1,1,4.0,Opp Grounded within Boundaries,1.0
17,2,10,00:06:30,11723,11736,5,smash,0,15.71540327,126.23395081,21.27683118,105.36645598,13.08373672,21.27140408,37.03356181,23.62173888,12.95909862,126.79080463,25.33117804,20.33476944,1,2,0,5,6,7,8,198.0,267.0,3,4,1,1,4.0,Opp Grounded within Boundaries,1.0
18,2,11,00:06:31,11736,11767,7,lift,1,16.88866833,132.66437418,23.7860317,101.9121207,15.76184489,18.4321867,38.79130229,20.98296565,25.33117804,20.33476944,41.91470557,126.96769706,2,1,0,5,6,7,8,198.0,267.0,3,4,1,1,4.0,Opp Grounded within Boundaries,1.0
19,2,12,00:06:32,11767,11795,5,drop,0,39.08512005,127.52572343,36.73022163,102.49164529,20.5017463,24.82231651,45.31259844,22.62832478,41.91470557,126.96769706,32.41675044,47.3642102,1,2,0,5,6,7,8,198.0,267.0,3,4,1,1,4.0,Opp Grounded within Boundaries,1.0
20,2,13,00:06:33,11795,11817,7,net shot,0,39.86358084,125.81061068,34.95758017,101.4993294,29.30543475,32.78596761,42.33680749,31.74258088,32.41675044,47.3642102,10.52682925,77.88582116,2,1,0,5,6,7,8,198.0,267.0,3,4,1,1,4.0,Opp Grounded within Boundaries,1.0
21,2,14,00:06:33,11817,11824,6,push,0,29.69844278,124.61125359,21.24226768,87.86856986,29.81258853,35.14527684,40.86841117,29.16250186,10.52682925,77.88582116,27.23033582,22.19596039,1,2,0,5,6,7,8,198.0,267.0,3,4,1,1,4.0,Opp Grounded within Boundaries,1.0
22,3,1,00:07:00,12619,12632,6,short serve,1,29.47700154,111.03979491,31.84145315,93.85853133,35.60159494,34.6033496,18.00817764,44.31556847,-139.84689655,547.81822498,29.53664377,54.09866529,2,2,0,5,6,7,8,198.0,267.0,3,4,2,1,3.0,Opp Grounded within Boundaries,1.0
23,3,2,00:07:01,12632,12641,8,push,0,28.24023395,109.99484562,32.12834815,89.74151788,35.42427227,34.30637413,19.73261405,52.29300691,29.53664377,54.09866529,29.60167861,93.8426523,2,1,0,5,6,7,8,198.0,267.0,3,4,2,1,3.0,Opp Grounded within Boundaries,1.0
24,3,3,00:07:01,12641,12656,6,net shot,0,29.02407672,111.55781294,32.14659318,92.01564361,35.29089966,32.25798632,22.43249152,54.03992375,29.60167861,93.8426523,15.89825266,53.63905503,1,1,0,5,6,7,8,198.0,267.0,3,4,2,1,3.0,Opp Grounded within Boundaries,1.0
25,3,4,00:07:01,12656,12683,8,push,0,28.90798306,112.60430218,34.59894942,92.95271809,35.03156343,31.96612968,23.30388478,48.94313081,15.89825266,53.63905503,54.18436356,93.55379133,1,2,0,5,6,7,8,198.0,267.0,3,4,2,1,3.0,Opp Grounded within Boundaries,1.0
26,4,1,00:07:17,13115,13130,7,short serve,1,21.41383192,96.59719929,33.16867532,107.97468996,31.49646949,44.11018849,29.17119089,20.63184357,-139.84689655,547.81822498,23.82303394,79.65905516,2,1,0,5,6,7,8,198.0,267.0,3,4,2,2,4.0,Opp Grounded within Boundaries,1.0
27,4,2,00:07:17,13130,13142,5,net shot,1,21.82607918,93.32394018,32.48479599,106.44829437,30.4415968,47.34748236,28.5227748,21.94262485,23.82303394,79.65905516,14.46054092,48.53559201,1,2,0,5,6,7,8,198.0,267.0,3,4,2,2,4.0,Opp Grounded within Boundaries,1.0
28,4,3,00:07:18,13142,13161,7,net shot,1,22.11698968,82.62259534,29.59167091,108.46151303,26.97718665,44.07147883,24.47409237,22.70302179,14.46054092,48.53559201,5.50142589,108.30117142,2,2,0,5,6,7,8,198.0,267.0,3,4,2,2,4.0,Opp Grounded within Boundaries,1.0
29,4,4,00:07:18,13161,13181,6,drive,0,29.28818936,90.17303544,16.60100451,110.95507907,20.51635774,50.93663694,14.99386449,27.80577329,5.50142589,108.30117142,4.43101202,26.59728284,2,1,0,5,6,7,8,198.0,267.0,3,4,2,2,4.0,Opp Grounded within Boundaries,1.0
30,4,5,00:07:19,13181,13205,8,net shot,0,36.52166417,102.98269123,15.78237112,114.10331069,26.71130874,44.06920147,15.30764884,24.23192795,4.43101202,26.59728284,7.71324035,88.21698492,1,2,0,5,6,7,8,198.0,267.0,3,4,2,2,4.0,Opp Grounded within Boundaries,1.0
31,4,6,00:07:20,13205,13233,6,lift,0,36.88600014,104.47224215,11.65386663,104.80058857,23.36848826,43.08301387,14.30910741,21.01925792,7.71324035,88.21698492,45.48940757,16.17146054,2,1,0,5,6,7,8,198.0,267.0,3,4,2,2,4.0,Opp Grounded within Boundaries,1.0
32,4,7,00:07:21,13233,13245,8,smash,0,43.49418864,111.65279339,20.4929412,113.07572861,35.55460289,39.74127531,33.96295842,15.81249685,45.48940757,16.17146054,19.02289267,106.35788188,1,2,0,5,6,7,8,198.0,267.0,3,4,2,2,4.0,Opp Grounded within Boundaries,1.0
33,4,8,00:07:21,13245,13257,6,drive,0,44.74921703,114.2911851,23.42806727,114.15289947,34.75897402,39.11817956,42.98568882,13.66813129,19.02289267,106.35788188,24.04674112,40.5717393,2,1,0,5,6,7,8,198.0,267.0,3,4,2,2,4.0,Opp Grounded within Boundaries,1.0
34,4,9,00:07:21,13257,13275,7,net shot,0,43.81830504,116.4215225,24.88624974,115.76281789,31.7959654,37.5655497,36.27470046,14.58981896,24.04674112,40.5717393,32.87400666,100.99727639,1,2,0,5,6,7,8,198.0,267.0,3,4,2,2,4.0,Opp Grounded within Boundaries,1.0
35,4,10,00:07:22,13275,13314,6,lift,1,43.79452918,115.88455638,21.06155565,113.0794344,25.65703873,38.42567823,30.29026455,19.60002353,32.87400666,100.99727639,27.83214098,9.67146021,2,1,0,5,6,7,8,198.0,267.0,3,4,2,2,4.0,Opp Grounded within Boundaries,1.0
36,4,11,00:07:23,13314,13329,8,smash,0,18.80549565,112.53830427,41.56795076,108.54122563,26.56440204,35.41432262,23.05774929,8.91854779,27.83214098,9.67146021,57.55408652,106.11309719,1,2,0,5,6,7,8,198.0,267.0,3,4,2,2,4.0,Opp Grounded within Boundaries,1.0
37,4,12,00:07:24,13329,13353,6,lift,1,18.44673379,109.93010942,44.00577421,108.0469845,26.07036676,34.22352344,24.69055637,4.33928237,57.55408652,106.11309719,53.97730167,16.5023007,2,1,0,5,6,7,8,198.0,267.0,3,4,2,2,4.0,Opp Grounded within Boundaries,1.0
38,4,13,00:07:25,13353,13365,8,smash,0,23.46020267,112.56871271,52.75987787,113.28601952,37.04558839,37.3085564,42.82411563,9.81517535,53.97730167,16.5023007,49.72841495,113.79398003,1,2,0,5,6,7,8,198.0,267.0,3,4,2,2,4.0,Opp Grounded within Boundaries,1.0
39,4,14,00:07:25,13365,13395,6,net shot,1,26.15365579,115.23570338,49.24258804,116.99491422,40.96318751,34.65079204,57.7727188,16.7895676,49.72841495,113.79398003,58.34203005,39.32369151,2,2,0,5,6,7,8,198.0,267.0,3,4,2,2,4.0,Opp Grounded within Boundaries,1.0
40,5,1,00:07:47,14015,14025,5,short serve,1,28.53099733,94.76645581,32.64276975,111.5815657,39.3301772,42.90281776,26.54892322,30.45308751,-139.84689655,547.81822498,38.60606021,52.45002961,2,2,0,5,6,7,8,198.0,267.0,3,4,3,2,3.0,Net Fault ,1.0
41,5,2,00:07:47,14025,14034,7,net shot,1,31.6959432,87.94451577,32.99266311,112.63098673,39.12371466,46.7650289,26.47348588,29.88245465,38.60606021,52.45002961,47.5360301,76.10400781,2,1,0,5,6,7,8,198.0,267.0,3,4,3,2,3.0,Net Fault ,1.0
42,5,3,00:07:47,14034,14051,5,push,1,34.41998071,88.41065559,34.58088246,112.64136231,39.50854809,52.11562356,28.98076137,29.05537726,47.5360301,76.10400781,45.8311314,69.30447511,1,2,0,5,6,7,8,198.0,267.0,3,4,3,2,3.0,Net Fault ,1.0
43,6,1,00:08:04,14525,14541,8,short serve,1,30.71433172,109.49541819,41.7757786,94.39373921,34.25826831,26.86804665,27.32518231,44.71695257,-139.84689655,547.81822498,32.08569782,84.42542755,2,2,0,5,6,7,8,198.0,267.0,3,4,4,2,3.0,Out of Bounds,1.0
44,6,2,00:08:04,14541,14564,6,net shot,0,30.60199874,109.49467394,39.66931472,92.06938824,33.35702488,27.13684685,27.84543855,46.34249394,32.08569782,84.42542755,50.35024012,38.03171246,2,2,0,5,6,7,8,198.0,267.0,3,4,4,2,3.0,Out of Bounds,1.0
45,6,3,00:08:05,14564,14603,7,lift,0,32.87405406,112.10576974,39.14952498,82.74899004,40.52280967,28.87767419,22.68071796,42.44288062,50.35024012,38.03171246,53.05647152,127.03576311,2,1,0,5,6,7,8,198.0,267.0,3,4,4,2,3.0,Out of Bounds,1.0
46,6,4,00:08:06,14603,14616,5,smash,0,51.75012057,128.75916542,40.13958979,105.99587801,49.45101314,22.93277549,25.07592909,24.8641003,53.05647152,127.03576311,52.03454496,23.75937001,1,2,0,5,6,7,8,198.0,267.0,3,4,4,2,3.0,Out of Bounds,1.0
47,6,5,00:08:07,14616,14644,7,net shot,1,55.85645218,134.08939766,40.25843647,103.00817532,50.38476293,20.82831022,24.28588309,23.77390052,52.03454496,23.75937001,57.31461781,84.1774837,2,2,0,5,6,7,8,198.0,267.0,3,4,4,2,3.0,Out of Bounds,1.0
48,6,6,00:08:08,14644,14674,6,lift,1,48.08169149,120.80946816,46.76514206,92.12008302,43.74693703,40.12171492,31.59103185,22.76848796,57.31461781,84.1774837,53.88783712,15.0037383,2,1,0,5,6,7,8,198.0,267.0,3,4,4,2,3.0,Out of Bounds,1.0
49,6,7,00:08:09,14674,14685,8,smash,0,28.66574325,116.86308967,49.62821736,112.21548267,41.71901133,41.34898444,49.17021812,12.75083624,53.88783712,15.0037383,42.45581392,119.67250547,1,2,0,5,6,7,8,198.0,267.0,3,4,4,2,3.0,Out of Bounds,1.0
50,6,8,00:08:09,14685,14729,6,lift,1,26.03919832,115.23496464,47.49467386,118.61052622,42.16279116,36.4492481,58.33475234,9.96386246,42.45581392,119.67250547,-7.60906107,49.01703247,2,2,0,5,6,7,8,198.0,267.0,3,4,4,2,3.0,Out of Bounds,1.0
51,7,1,00:08:26,15207,15212,8,short serve,1,21.14584389,94.71430232,32.96609476,110.02608413,28.580014,26.26448104,31.40997601,44.43023325,-139.84689655,547.81822498,28.99363901,82.67362544,2,1,0,5,6,7,8,198.0,267.0,3,4,5,2,3.0,Out of Bounds,1.0
52,7,2,00:08:27,15212,15224,5,net shot,1,21.14584389,94.71430232,31.49501315,108.47418144,27.82863876,27.64279472,29.9023496,46.03406014,28.99363901,82.67362544,15.87438491,45.91471075,1,1,0,5,6,7,8,198.0,267.0,3,4,5,2,3.0,Out of Bounds,1.0
53,7,3,00:08:27,15224,15236,8,push,1,23.20608859,84.35998938,29.2584723,106.93227849,25.61725205,26.51323548,26.79993518,44.06996059,15.87438491,45.91471075,16.01298219,111.47240935,1,2,0,5,6,7,8,198.0,267.0,3,4,5,2,3.0,Out of Bounds,1.0
54,7,4,00:08:27,15236,15250,6,net shot,0,28.46838806,85.27124375,26.63828854,112.58947463,18.40107927,30.95293163,22.44883949,47.27979064,16.01298219,111.47240935,45.21922604,41.37926125,2,1,0,5,6,7,8,198.0,267.0,3,4,5,2,3.0,Out of Bounds,1.0
55,7,5,00:08:28,15250,15259,8,push,0,36.06950518,97.17367875,26.16598078,114.17065715,16.45490274,32.67158716,32.24894122,39.71252892,45.21922604,41.37926125,53.30710567,107.09343256,1,2,0,5,6,7,8,198.0,267.0,3,4,5,2,3.0,Out of Bounds,1.0
56,7,6,00:08:28,15259,15292,5,net shot,1,41.46721481,103.01641896,27.6524629,113.65045189,18.83656767,32.40165225,40.35696174,38.24876523,53.30710567,107.09343256,63.62094589,24.40393078,2,2,0,5,6,7,8,198.0,267.0,3,4,5,2,3.0,Out of Bounds,1.0
57,8,1,00:08:44,15738,15754,8,short serve,1,30.37733053,109.49318542,41.31235863,93.4623574,33.6914788,27.41753589,27.1474682,44.71543376,-139.84689655,547.81822498,35.91435987,80.17102946,2,2,0,5,6,7,8,198.0,267.0,3,4,5,3,4.0,Out of Bounds,1.0
58,8,2,00:08:45,15754,15767,6,net shot,0,30.59540832,106.94123753,39.59252405,89.79534784,31.87578971,27.40108344,28.55931345,46.67535194,35.91435987,80.17102946,28.81355246,50.33022532,2,2,0,5,6,7,8,198.0,267.0,3,4,5,3,4.0,Out of Bounds,1.0
59,8,3,00:08:45,15767,15784,8,net shot,0,30.49195706,110.52723617,35.4576797,87.97184477,29.72936356,28.49920833,26.40530585,46.98474735,28.81355246,50.33022532,40.51308294,103.99956364,2,2,0,5,6,7,8,198.0,267.0,3,4,5,3,4.0,Out of Bounds,1.0
60,8,4,00:08:46,15784,15802,5,net shot,1,33.18546788,109.51179051,31.26211528,84.85489122,33.50267123,31.08812587,20.07576276,43.69231247,40.51308294,103.99956364,13.2034576,55.36060779,2,2,0,5,6,7,8,198.0,267.0,3,4,5,3,4.0,Out of Bounds,1.0
61,8,5,00:08:46,15802,15815,8,push,1,34.20360124,110.03426419,31.29407215,91.09566332,38.37783905,33.74399963,17.52384473,43.35119075,13.2034576,55.36060779,43.20003358,112.69766983,2,2,0,5,6,7,8,198.0,267.0,3,4,5,3,4.0,Out of Bounds,1.0
62,8,6,00:08:47,15815,15834,5,net shot,1,33.42818584,111.06579118,32.86439975,89.74682612,36.15736528,33.13866873,16.28555201,46.5711649,43.20003358,112.69766983,46.26692133,56.33620549,2,2,0,5,6,7,8,198.0,267.0,3,4,5,3,4.0,Out of Bounds,1.0
63,8,7,00:08:47,15834,15853,7,net shot,0,36.10543442,109.53113652,33.98089206,94.33858435,44.12416353,43.57953858,17.56230945,34.14816471,46.26692133,56.33620549,28.60857475,76.78118583,2,2,0,5,6,7,8,198.0,267.0,3,4,5,3,4.0,Out of Bounds,1.0
64,8,8,00:08:48,15853,15875,6,push,1,35.01711484,111.59715068,28.05413167,85.26820161,41.50062164,49.76464839,25.67437748,27.90237574,28.60857475,76.78118583,13.60913067,28.63491872,2,2,0,5,6,7,8,198.0,267.0,3,4,5,3,4.0,Out of Bounds,1.0
65,8,9,00:08:49,15875,15908,8,drive,1,28.11078181,113.1253758,28.44337396,90.62037764,20.40218369,54.0231359,24.1844795,27.8889,13.60913067,28.63491872,-3.32297388,125.54531326,2,2,0,5,6,7,8,198.0,267.0,3,4,5,3,4.0,Out of Bounds,1.0
66,9,1,00:09:09,16482,16493,6,short serve,1,29.36482925,110.51980303,32.26415663,93.39808515,32.94687222,33.40259335,18.89327595,42.41026069,-139.84689655,547.81822498,29.99945937,56.20270959,2,2,0,5,6,7,8,198.0,267.0,3,4,6,3,3.0,Opp Grounded within Boundaries,1.0
67,9,2,00:09:09,16493,16518,8,net shot,0,29.24934089,112.08203368,32.67647224,92.01942923,32.7924607,34.57849278,20.81412868,50.26318825,29.99945937,56.20270959,30.11023405,71.93641987,2,2,0,5,6,7,8,198.0,267.0,3,4,6,3,3.0,Opp Grounded within Boundaries,1.0
68,9,3,00:09:10,16518,16577,6,lift,0,30.50484196,116.33601762,34.58481793,85.75432742,30.63975314,27.94728626,26.08268435,56.87845514,30.11023405,71.93641987,54.63411769,12.07679368,2,1,0,5,6,7,8,198.0,267.0,3,4,6,3,3.0,Opp Grounded within Boundaries,1.0
69,9,4,00:09:12,16577,16590,7,smash,0,23.93397478,111.52440199,49.03024074,111.68913152,51.54767091,8.95779509,38.35750186,35.51836303,54.63411769,12.07679368,36.08719059,114.23500456,1,2,0,5,6,7,8,198.0,267.0,3,4,6,3,3.0,Opp Grounded within Boundaries,1.0
70,9,5,00:09:13,16590,16614,5,lift,1,23.66660686,113.6245376,47.77217033,115.37523462,53.60898742,7.81323913,33.95808377,33.11911232,36.08719059,114.23500456,48.45940195,22.65729598,2,1,0,5,6,7,8,198.0,267.0,3,4,6,3,3.0,Opp Grounded within Boundaries,1.0
71,9,6,00:09:13,16614,16641,7,drop,0,23.86435885,115.22092769,45.14282772,115.35826419,40.14800417,19.17436528,24.96501261,26.23160583,48.45940195,22.65729598,36.91490501,92.04970989,1,2,0,5,6,7,8,198.0,267.0,3,4,6,3,3.0,Opp Grounded within Boundaries,1.0
72,10,1,00:09:28,17045,17063,7,short serve,1,21.44050289,95.65389532,32.62857721,110.02385309,31.31135003,42.83382969,29.49306416,19.59261572,-139.84689655,547.81822498,22.46953296,80.91675268,2,2,0,5,6,7,8,198.0,267.0,3,4,7,3,3.0,Opp Grounded within Boundaries,1.0
73,10,2,00:09:28,17063,17074,5,net shot,1,21.16202061,90.56806174,32.27458278,107.96872545,31.31926554,44.10867066,28.29004998,20.62368301,22.46953296,80.91675268,15.86174664,64.85012612,2,1,0,5,6,7,8,198.0,267.0,3,4,7,3,3.0,Opp Grounded within Boundaries,1.0
74,10,3,00:09:29,17074,17094,7,net shot,1,21.12712825,84.78033252,30.15500176,111.56523623,19.67309607,56.11796822,25.84445,22.98280306,15.86174664,64.85012612,39.58314829,102.51114341,1,2,0,5,6,7,8,198.0,267.0,3,4,7,3,3.0,Opp Grounded within Boundaries,1.0
75,10,4,00:09:29,17094,17130,6,lift,1,24.22177731,85.24005832,30.71131003,108.46896521,22.08444958,53.34443861,27.11432395,25.15508174,39.58314829,102.51114341,4.0428206,14.03806549,2,1,0,5,6,7,8,198.0,267.0,3,4,7,3,3.0,Opp Grounded within Boundaries,1.0
76,10,5,00:09:31,17130,17156,8,drop,0,17.24492327,114.64459939,37.4294259,113.1861075,19.77146986,36.25230495,8.48678721,10.19826344,4.0428206,14.03806549,25.37656365,91.05322638,1,2,0,5,6,7,8,198.0,267.0,3,4,7,3,3.0,Opp Grounded within Boundaries,1.0
77,10,6,00:09:31,17156,17184,6,lift,0,19.43392421,107.37391394,37.0125661,100.53962397,25.35738541,40.58310063,10.00707087,9.50058662,25.37656365,91.05322638,44.8016363,16.416134,2,1,0,5,6,7,8,198.0,267.0,3,4,7,3,3.0,Opp Grounded within Boundaries,1.0
78,10,7,00:09:32,17184,17194,8,smash,0,21.11679207,115.20319421,43.81398636,113.75552702,40.37571689,36.73417227,36.43805326,14.83909524,44.8016363,16.416134,21.27464077,113.60898609,1,2,0,5,6,7,8,198.0,267.0,3,4,7,3,3.0,Opp Grounded within Boundaries,1.0
79,10,8,00:09:33,17194,17210,6,drive,1,21.91821198,115.20836678,45.78349438,121.34858305,39.5295458,37.02815303,44.85410273,17.17355298,21.27464077,113.60898609,17.33329506,40.20250137,2,1,0,5,6,7,8,198.0,267.0,3,4,7,3,3.0,Opp Grounded within Boundaries,1.0
80,10,9,00:09:33,17210,17220,7,push,0,20.64329795,115.7355002,44.62993391,124.13824644,30.15762206,37.55119832,38.99900641,20.20067241,17.33329506,40.20250137,17.75102446,110.4432127,1,2,0,5,6,7,8,198.0,267.0,3,4,7,3,3.0,Opp Grounded within Boundaries,1.0
81,10,10,00:09:34,17220,17238,5,net shot,1,17.38026586,114.11367438,38.96797528,115.31841017,20.10209278,38.68341798,30.45820792,22.49156715,17.75102446,110.4432127,14.27254943,47.21054456,2,1,0,5,6,7,8,198.0,267.0,3,4,7,3,3.0,Opp Grounded within Boundaries,1.0
82,10,11,00:09:34,17238,17261,7,net shot,0,11.93133157,113.54824,35.63117109,114.23204688,10.20618161,33.49398177,31.5456434,27.39809189,14.27254943,47.21054456,28.14498655,87.47366479,1,2,0,5,6,7,8,198.0,267.0,3,4,7,3,3.0,Opp Grounded within Boundaries,1.0
83,10,12,00:09:35,17261,17301,5,lift,1,18.86910792,101.38890601,37.67203399,104.97649434,15.7254133,40.81146863,27.61809745,23.80444634,28.14498655,87.47366479,10.95533731,9.98393938,2,1,0,5,6,7,8,198.0,267.0,3,4,7,3,3.0,Opp Grounded within Boundaries,1.0
84,10,13,00:09:36,17301,17322,8,smash,0,16.64501077,109.91819982,37.35392777,114.77470609,18.21141445,36.53942362,8.83486956,9.01719086,10.95533731,9.98393938,1.02950935,131.38309325,1,2,0,5,6,7,8,198.0,267.0,3,4,7,3,3.0,Opp Grounded within Boundaries,1.0
85,11,1,00:10:07,18228,18243,7,short serve,1,30.82666395,109.49616244,41.58089071,94.85861333,28.65948253,44.40670024,32.68163947,19.62224487,-139.84689655,547.81822498,36.46268398,81.87259015,2,2,0,5,6,7,8,198.0,267.0,3,4,7,4,4.0,Net Fault ,1.0
86,11,2,00:10:08,18243,18258,6,net shot,0,30.9408881,110.01269727,39.92359277,90.24959296,30.63668291,52.04172168,31.66520029,21.97160525,36.46268398,81.87259015,27.15273975,36.317227,2,1,0,5,6,7,8,198.0,267.0,3,4,7,4,4.0,Net Fault ,1.0
87,11,3,00:10:08,18258,18270,8,drive,1,31.28337217,111.05167968,34.75695625,89.76047481,35.84243334,51.74405855,29.81226917,27.38238531,27.15273975,36.317227,45.53571569,109.5936161,1,1,0,5,6,7,8,198.0,267.0,3,4,7,4,4.0,Net Fault ,1.0
88,11,4,00:10:09,18270,18282,5,drive,1,35.121267,111.07693058,33.04942167,87.50936024,39.7836834,43.2240835,29.89515305,28.22028477,45.53571569,109.5936161,42.59145337,36.45301841,1,1,0,5,6,7,8,198.0,267.0,3,4,7,4,4.0,Net Fault ,1.0
89,11,5,00:10:09,18282,18294,7,drive,0,40.07928248,107.51195136,34.53195793,88.85920151,43.34557,34.67187272,27.62059623,32.18958194,42.59145337,36.45301841,32.76576241,112.62950443,1,2,0,5,6,7,8,198.0,267.0,3,4,7,4,4.0,Net Fault ,1.0
90,11,6,00:10:09,18294,18321,5,net shot,0,40.85799738,110.59559778,33.23868146,94.79970118,39.9886488,33.75829525,27.77910784,33.35668551,32.76576241,112.62950443,47.14827312,55.63987846,2,2,0,5,6,7,8,198.0,267.0,3,4,7,4,4.0,Net Fault ,1.0
91,11,7,00:10:10,18321,18343,7,net shot,0,35.017548,118.53119462,33.98750998,94.80498936,38.68798203,47.08889066,29.40440511,24.63195447,47.14827312,55.63987846,48.58548057,65.48795725,2,2,0,5,6,7,8,198.0,267.0,3,4,7,4,4.0,Net Fault ,1.0
92,12,1,00:10:31,18959,18970,5,short serve,1,29.70789112,95.24266449,33.1228432,114.21577826,28.36861214,33.9491546,38.66004712,43.8516715,-139.84689655,547.81822498,38.64201941,53.48168701,2,2,0,5,6,7,8,198.0,267.0,3,4,7,5,4.0,Failed Return,1.0
93,12,2,00:10:32,18970,18993,8,net shot,1,33.58863133,88.85237327,34.17114714,115.82259749,28.35587417,36.02782264,39.67379414,47.09724925,38.64201941,53.48168701,56.82006106,76.99546615,2,2,0,5,6,7,8,198.0,267.0,3,4,7,5,4.0,Failed Return,1.0
94,12,3,00:10:33,18993,19036,5,lift,1,47.78193149,88.06138041,36.04317169,106.47219305,31.36529291,25.19387873,36.84142936,54.85516218,56.82006106,76.99546615,53.6355606,8.04532955,2,1,0,5,6,7,8,198.0,267.0,3,4,7,5,4.0,Failed Return,1.0
95,12,4,00:10:34,19036,19048,7,smash,0,47.22641012,113.7777131,26.53577448,111.54147996,48.57810031,3.01224169,37.33234248,35.50931893,53.6355606,8.04532955,40.07683491,114.26088076,1,2,0,5,6,7,8,198.0,267.0,3,4,7,5,4.0,Failed Return,1.0
96,12,5,00:10:34,19048,19071,5,drive,1,45.85596754,115.89782868,26.40559418,113.11426271,51.12130171,-0.011856,33.53044291,32.82357371,40.07683491,114.26088076,55.14398915,19.83097141,2,2,0,5,6,7,8,198.0,267.0,3,4,7,5,4.0,Failed Return,1.0
97,12,6,00:10:35,19071,19092,7,net shot,0,45.71445885,115.36195364,24.43146698,108.93962712,41.26971345,14.88468316,25.07592909,24.8641003,55.14398915,19.83097141,46.0796055,78.57058388,2,2,0,5,6,7,8,198.0,267.0,3,4,7,5,4.0,Failed Return,1.0
98,12,7,00:10:36,19092,19116,6,net shot,1,45.42348148,109.5928725,35.22355633,86.6393765,42.59769736,28.89638923,26.73529868,29.03514245,46.0796055,78.57058388,57.18139266,50.90510423,2,2,0,5,6,7,8,198.0,267.0,3,4,7,5,4.0,Failed Return,1.0
99,12,8,00:10:37,19116,19162,7,lift,0,41.16010194,115.86759496,45.29320215,84.52276008,45.8942522,42.3271553,26.98133517,29.31988091,57.18139266,50.90510423,48.65786437,124.72836185,2,1,0,5,6,7,8,198.0,267.0,3,4,7,5,4.0,Failed Return,1.0
100,12,9,00:10:38,19162,19178,5,smash,0,46.6864285,127.57203074,37.62080088,102.99018714,48.45940195,22.65729598,24.5612602,22.43727663,48.65786437,124.72836185,34.40976786,22.26211479,1,2,0,5,6,7,8,198.0,267.0,3,4,7,5,4.0,Failed Return,1.0
101,12,10,00:10:39,19178,19209,8,lift,0,45.36163676,132.23952726,34.73879241,101.49782775,50.54476384,20.82979205,24.17075668,21.90248922,34.40976786,22.26211479,13.8400548,123.38376221,2,1,0,5,6,7,8,198.0,267.0,3,4,7,5,4.0,Failed Return,1.0
102,12,11,00:10:40,19209,19219,5,smash,0,22.92094545,127.42725098,21.98543599,99.46807978,36.96103837,23.89009144,16.22155522,21.30039119,13.8400548,123.38376221,14.70328011,17.65401536,1,2,0,5,6,7,8,198.0,267.0,3,4,7,5,4.0,Failed Return,1.0
103,12,12,00:10:40,19219,19233,8,drive,1,14.72781156,124.51878322,23.12686855,97.08318269,36.02270258,22.27697707,15.30274774,14.63967838,14.70328011,17.65401536,8.18725163,94.62278957,2,1,0,5,6,7,8,198.0,267.0,3,4,7,5,4.0,Failed Return,1.0
104,12,13,00:10:41,19233,19245,6,push,0,16.2153533,117.32424858,15.42541916,95.61158444,35.86865973,22.54137873,17.38733102,16.41061885,8.18725163,94.62278957,13.08457279,22.33161598,1,2,0,5,6,7,8,198.0,267.0,3,4,7,5,4.0,Failed Return,1.0
105,12,14,00:10:41,19245,19263,8,net shot,1,23.64584551,114.68601382,13.53925521,92.80283575,34.52594486,20.15917644,16.92270838,18.95819271,13.08457279,22.33161598,39.78528626,64.28766726,2,2,0,5,6,7,8,198.0,267.0,3,4,7,5,4.0,Failed Return,1.0
106,13,1,00:11:05,19965,19971,5,short serve,1,33.3068071,91.56629911,30.72043582,111.56894768,17.55590675,42.715488,32.885022,28.80878303,-139.84689655,547.81822498,28.97297999,57.25749473,2,2,0,5,6,7,8,198.0,267.0,3,4,8,5,3.0,Net Fault ,1.0
107,13,2,00:11:05,19971,19980,7,net shot,0,31.60819892,90.64311663,29.92945848,113.13722852,19.77343873,51.26977524,32.63242638,28.52541753,28.97297999,57.25749473,28.32472163,73.52237223,2,1,0,5,6,7,8,198.0,267.0,3,4,8,5,3.0,Net Fault ,1.0
108,13,3,00:11:06,19980,19997,5,push,0,32.93059109,86.18173725,28.90948406,112.07980816,22.77280349,55.08875056,30.06021944,27.66299726,28.32472163,73.52237223,38.53676511,73.19934197,1,2,0,5,6,7,8,198.0,267.0,3,4,8,5,3.0,Net Fault ,1.0
109,14,1,00:11:21,20440,20446,8,short serve,1,30.26731251,111.04499465,22.76274262,94.25920727,28.57553565,27.09348107,32.30041684,44.75947283,-139.84689655,547.81822498,24.58851255,82.21190455,2,2,0,5,6,7,8,198.0,267.0,3,4,8,6,4.0,Failed Return,1.0
110,14,2,00:11:21,20446,20470,6,net shot,1,29.81564691,109.48946403,23.37841765,90.58398636,27.74093542,28.20081831,31.88362688,48.01931774,24.58851255,82.21190455,13.13985271,62.2110176,2,2,0,5,6,7,8,198.0,267.0,3,4,8,6,4.0,Failed Return,1.0
111,14,3,00:11:22,20470,20496,8,net shot,1,23.67540316,81.77737358,28.23500942,111.0316234,14.96961542,32.07675947,20.73983322,57.54664339,13.13985271,62.2110176,19.94634384,63.75467246,2,2,0,5,6,7,8,198.0,267.0,3,4,8,6,4.0,Failed Return,1.0
112,15,1,00:11:36,20889,20897,6,short serve,1,32.52969735,111.58082351,29.39224241,91.0820245,28.27599067,35.13170719,38.97778145,42.89978601,-139.84689655,547.81822498,34.40163472,58.01547746,2,2,0,5,6,7,8,198.0,267.0,3,4,9,6,3.0,Out of Bounds,1.0
113,15,2,00:11:36,20897,20912,8,net shot,1,33.57256617,113.6889418,31.50804063,91.55342374,28.09445224,36.62626183,37.94621665,49.0664194,34.40163472,58.01547746,52.63955144,107.08895916,2,2,0,5,6,7,8,198.0,267.0,3,4,9,6,3.0,Out of Bounds,1.0
114,15,3,00:11:37,20912,20926,5,drive,1,40.8764708,111.11479614,32.25642029,92.47551455,28.96424023,33.66045581,39.1708004,50.41702152,52.63955144,107.08895916,19.11184544,35.64712599,2,1,0,5,6,7,8,198.0,267.0,3,4,9,6,3.0,Out of Bounds,1.0
115,15,4,00:11:37,20926,20936,7,drive,0,49.04659411,110.13237814,29.59942924,97.12843941,25.5446504,30.44407987,44.15276741,36.76735967,19.11184544,35.64712599,29.37131157,105.92339537,1,2,0,5,6,7,8,198.0,267.0,3,4,9,6,3.0,Out of Bounds,1.0
116,15,5,00:11:37,20936,20949,6,net shot,1,45.3717161,108.56654301,27.25286942,106.91883859,24.63081297,33.91601498,44.20317405,32.04800164,29.37131157,105.92339537,33.12609611,46.71411752,2,1,0,5,6,7,8,198.0,267.0,3,4,9,6,3.0,Out of Bounds,1.0
117,15,6,00:11:38,20949,20973,7,net shot,0,44.12423206,110.61713784,23.30300056,114.68379559,21.34868962,40.23734589,39.54901298,25.54148913,33.12609611,46.71411752,37.63951454,87.54276785,1,2,0,5,6,7,8,198.0,267.0,3,4,9,6,3.0,Out of Bounds,1.0
118,15,7,00:11:39,20973,21020,5,lift,1,39.56728195,102.02020635,22.81433621,110.99595883,31.23441879,44.7503624,30.13395332,21.69288375,37.63951454,87.54276785,14.13436528,8.36390798,2,1,0,5,6,7,8,198.0,267.0,3,4,9,6,3.0,Out of Bounds,1.0
119,15,8,00:11:40,21020,21041,8,drop,0,39.86098944,111.10811492,14.79296836,106.32947297,18.81110384,34.7510759,11.26955403,6.48137567,14.13436528,8.36390798,29.08535286,87.03684116,1,2,0,5,6,7,8,198.0,267.0,3,4,9,6,3.0,Out of Bounds,1.0
120,15,9,00:11:41,21041,21078,6,lift,1,38.48911917,106.48862046,21.96500045,96.12857189,25.78384751,41.2111455,15.28151484,9.31484812,29.08535286,87.03684116,11.44102016,8.80694456,2,1,0,5,6,7,8,198.0,267.0,3,4,9,6,3.0,Out of Bounds,1.0
121,15,10,00:11:42,21078,21105,8,drop,0,38.76255064,112.14432996,15.79078529,108.88224719,18.6270131,36.84467799,10.73225512,5.78902358,11.44102016,8.80694456,25.34068994,86.56718728,1,2,0,5,6,7,8,198.0,267.0,3,4,9,6,3.0,Out of Bounds,1.0
122,15,11,00:11:43,21105,21132,6,net shot,1,38.7705165,108.52260626,19.49092402,96.11120347,26.39701711,41.21644941,16.50035896,10.51334881,25.34068994,86.56718728,50.68935691,26.74103884,2,1,0,5,6,7,8,198.0,267.0,3,4,9,6,3.0,Out of Bounds,1.0
123,15,12,00:11:44,21132,21160,8,net shot,0,44.82498328,111.14077483,22.3492797,106.88597879,30.0727672,38.77039713,39.02780508,17.11897036,50.68935691,26.74103884,20.21011741,81.32507696,1,2,0,5,6,7,8,198.0,267.0,3,4,9,6,3.0,Out of Bounds,1.0
124,15,13,00:11:45,21160,21202,6,lift,0,44.98316782,103.0403971,26.50295544,94.28567217,30.52752848,46.03937914,36.87596557,21.22790649,20.21011741,81.32507696,13.2265228,9.29513428,2,1,0,5,6,7,8,198.0,267.0,3,4,9,6,3.0,Out of Bounds,1.0
125,15,14,00:11:46,21202,21225,8,drop,0,38.5322346,108.01047039,15.969315,109.91373339,22.79042047,38.7068696,11.98920994,5.11863327,13.2265228,9.29513428,29.29841729,84.40488672,1,2,0,5,6,7,8,198.0,267.0,3,4,9,6,3.0,Out of Bounds,1.0
126,15,15,00:11:47,21225,21282,6,lift,1,39.67943985,105.4906005,20.95466294,97.54352286,27.21222049,38.74544316,13.1461347,5.584408,29.29841729,84.40488672,53.29110703,-0.63184366,2,2,0,5,6,7,8,198.0,267.0,3,4,9,6,3.0,Out of Bounds,1.0
127,16,1,00:12:08,21853,21857,7,short serve,1,42.75264146,97.22040783,29.81562576,108.97538156,29.18701662,46.35389506,32.13469047,20.65928963,-139.84689655,547.81822498,35.6269493,81.01505771,2,1,0,5,6,7,8,198.0,267.0,3,4,9,7,4.0,Opp Grounded within Boundaries,1.0
128,16,2,00:12:08,21857,21870,5,push,0,41.08149878,90.25792799,29.92674929,106.43111408,30.17077268,46.36225531,32.21764126,20.92213568,35.6269493,81.01505771,34.83189151,30.52738,1,2,0,5,6,7,8,198.0,267.0,3,4,9,7,4.0,Opp Grounded within Boundaries,1.0
129,16,3,00:12:09,21870,21882,8,drive,1,38.34204409,83.17315932,29.92736415,107.9530671,31.59683769,45.72343988,31.1967532,24.37732599,34.83189151,30.52738,21.0346908,98.49971387,2,1,0,5,6,7,8,198.0,267.0,3,4,9,7,4.0,Opp Grounded within Boundaries,1.0
130,16,4,00:12:09,21882,21892,6,drive,0,39.69232564,83.61461736,24.51921566,103.89095818,34.21396134,42.54221248,28.58887337,24.62449826,21.0346908,98.49971387,42.03735021,40.72769101,1,2,0,5,6,7,8,198.0,267.0,3,4,9,7,4.0,Opp Grounded within Boundaries,1.0
131,16,5,00:12:09,21892,21905,7,drive,1,41.25819245,92.08073968,23.01851085,101.90686395,37.40700304,32.56710496,26.79819281,24.33707564,42.03735021,40.72769101,43.24810456,98.65408913,2,1,0,5,6,7,8,198.0,267.0,3,4,9,7,4.0,Opp Grounded within Boundaries,1.0
132,16,6,00:12:10,21905,21918,5,smash,0,44.30767373,98.18320137,25.46991093,106.90689068,39.47893619,25.81443363,24.84888366,24.04882435,43.24810456,98.65408913,47.17503176,16.69012618,1,2,0,5,6,7,8,198.0,267.0,3,4,9,7,4.0,Opp Grounded within Boundaries,1.0
133,17,1,00:12:29,22482,22493,5,short serve,1,32.8884192,92.02094344,30.38507666,113.66821814,18.55568265,43.99934492,32.39955609,29.93570759,-139.84689655,547.81822498,29.34528341,57.97425,2,2,0,5,6,7,8,198.0,267.0,3,4,9,8,4.0,Opp Grounded within Boundaries,1.0
134,17,2,00:12:29,22493,22509,7,net shot,0,31.93463689,92.01412933,30.15737577,113.66673773,19.49954177,51.26748816,31.81042701,29.36335742,29.34528341,57.97425,34.07686529,109.00367905,2,2,0,5,6,7,8,198.0,267.0,3,4,9,8,4.0,Opp Grounded within Boundaries,1.0
135,17,3,00:12:30,22509,22545,6,lift,1,28.02690068,89.71193917,30.26731251,111.04499465,24.51145929,56.15767335,29.48129632,27.93680832,34.07686529,109.00367905,15.91954647,10.03145717,2,1,0,5,6,7,8,198.0,267.0,3,4,9,8,4.0,Opp Grounded within Boundaries,1.0
136,17,4,00:12:31,22545,22559,8,smash,0,17.22902598,109.40607236,36.77920101,109.53560051,30.32807526,36.64588776,15.31415258,8.84415418,15.91954647,10.03145717,3.50789907,109.31516412,1,2,0,5,6,7,8,198.0,267.0,3,4,9,8,4.0,Opp Grounded within Boundaries,1.0
137,17,5,00:12:31,22559,22577,5,drive,0,17.51520424,107.87026529,36.31242393,103.47534477,24.47429679,33.32732722,14.0851049,3.11823783,3.50789907,109.31516412,6.76242366,17.07047201,2,1,0,5,6,7,8,198.0,267.0,3,4,9,8,4.0,Opp Grounded within Boundaries,1.0
138,17,6,00:12:32,22577,22593,8,net shot,1,14.99429881,111.4657228,28.84135422,98.07549646,23.09246715,31.28242132,13.92993879,13.14785636,6.76242366,17.07047201,26.90152785,86.57858839,1,0,0,5,6,7,8,198.0,267.0,3,4,9,8,4.0,Opp Grounded within Boundaries,1.0
139,17,7,00:12:33,22593,22607,6,push,0,19.31255813,110.97291936,20.54317777,90.11008565,24.07784635,35.69089279,10.77276986,20.98656167,26.90152785,86.57858839,14.83882403,34.12404188,1,2,0,5,6,7,8,198.0,267.0,3,4,9,8,4.0,Opp Grounded within Boundaries,1.0
140,18,1,00:13:01,23447,23454,5,short serve,1,29.70937526,90.62947375,32.30355028,111.5793391,28.70699281,34.24687692,38.37225201,43.21195388,-139.84689655,547.81822498,39.35153165,52.79907672,2,2,0,5,6,7,8,198.0,267.0,3,4,9,9,4.0,Out of Bounds,1.0
141,18,2,00:13:01,23454,23476,8,net shot,1,33.08491387,90.6537267,34.26303853,114.22317339,29.30103911,34.84380466,39.57121255,46.76882753,39.35153165,52.79907672,55.46369302,75.34852205,2,2,0,5,6,7,8,198.0,267.0,3,4,9,9,4.0,Out of Bounds,1.0
142,18,3,00:13:02,23476,23541,5,lift,1,45.4278723,83.22565125,35.99313737,109.5303925,31.63041393,27.67721225,38.56200428,53.8266861,55.46369302,75.34852205,45.71876807,8.90175559,2,1,0,5,6,7,8,198.0,267.0,3,4,9,9,4.0,Out of Bounds,1.0
143,18,4,00:13:04,23541,23558,7,smash,0,43.49418864,111.65279339,25.66548862,108.94782186,41.28818622,8.15871687,36.52049059,37.0017406,45.71876807,8.90175559,36.51146564,97.65207799,1,2,0,5,6,7,8,198.0,267.0,3,4,9,9,4.0,Out of Bounds,1.0
144,18,5,00:13:05,23558,23579,5,lift,0,43.13572164,106.01604536,25.46991093,106.90689068,38.55962718,13.38132367,34.07033751,39.41987684,36.51146564,97.65207799,48.93138049,23.46262218,2,1,0,5,6,7,8,198.0,267.0,3,4,9,9,4.0,Out of Bounds,1.0
145,18,6,00:13:05,23579,23592,7,smash,0,43.85670451,112.1776885,23.87440493,114.68749261,36.41963647,19.39801626,29.89892171,37.54893219,48.93138049,23.46262218,23.90434025,113.09796147,1,1,0,5,6,7,8,198.0,267.0,3,4,9,9,4.0,Out of Bounds,1.0
146,18,7,00:13:06,23592,23604,6,drive,1,46.6021622,108.5747327,23.87440493,114.68749261,43.82341658,20.7675432,26.46200205,36.61191815,23.90434025,113.09796147,43.6283911,42.62329572,1,1,0,5,6,7,8,198.0,267.0,3,4,9,9,4.0,Out of Bounds,1.0
147,18,8,00:13:06,23604,23626,7,net shot,0,45.3717161,108.56654301,21.56078343,115.74140731,43.14075441,35.56056157,24.50090296,32.16176026,43.6283911,42.62329572,54.63868533,84.15772898,1,2,0,5,6,7,8,198.0,267.0,3,4,9,9,4.0,Out of Bounds,1.0
148,18,9,00:13:07,23626,23658,5,lift,1,43.20511324,97.69878616,25.49125024,105.39488657,41.95705399,42.60890107,28.9956695,24.89990596,54.63868533,84.15772898,52.96496732,18.77902816,2,1,0,5,6,7,8,198.0,267.0,3,4,9,9,4.0,Out of Bounds,1.0
149,18,10,00:13:08,23658,23674,8,smash,0,47.94793129,116.44804476,27.67399617,110.50865238,46.74944038,38.30464597,48.15315032,16.19649503,52.96496732,18.77902816,63.01227461,123.68913539,1,2,0,5,6,7,8,198.0,267.0,3,4,9,9,4.0,Out of Bounds,1.0
150,19,1,00:13:29,24292,24302,5,short serve,1,32.78712871,92.47929886,30.4977547,113.14093224,18.98482748,44.32392461,32.30067308,28.52242242,-139.84689655,547.81822498,29.34464802,58.33258713,2,2,0,5,6,7,8,198.0,267.0,3,4,9,10,4.0,Out of Bounds,1.0
151,19,2,00:13:30,24302,24321,7,net shot,0,31.2756418,87.49645032,29.92988584,114.19506924,19.08648198,50.24871016,32.05185382,28.52017605,29.34464802,58.33258713,47.83251844,108.5829218,2,2,0,5,6,7,8,198.0,267.0,3,4,9,10,4.0,Out of Bounds,1.0
152,19,3,00:13:30,24321,24346,6,drive,1,29.5007415,88.37498249,38.65860947,108.52186142,27.3090595,55.47665735,29.81229211,27.93980209,47.83251844,108.5829218,59.39291946,22.49232039,2,2,0,5,6,7,8,198.0,267.0,3,4,9,10,4.0,Out of Bounds,1.0
153,19,4,00:13:31,24346,24382,8,lift,0,22.77191914,107.90533296,47.75756499,111.16006935,41.86603377,46.13584671,44.12414375,24.22536304,59.39291946,22.49232039,56.01846684,127.05385821,2,1,0,5,6,7,8,198.0,267.0,3,4,9,10,4.0,Out of Bounds,1.0
154,19,5,00:13:32,24382,24394,6,smash,0,37.43826284,104.47598411,56.63362976,128.78874822,26.19309584,26.51846755,49.92860406,21.08602567,56.01846684,127.05385821,55.66927629,22.98997506,1,2,0,5,6,7,8,198.0,267.0,3,4,9,10,4.0,Out of Bounds,1.0
155,19,6,00:13:33,24394,24407,8,drive,1,40.29258109,103.99806634,57.46725812,128.79379808,25.37584727,26.23534201,49.62726429,19.52084678,55.66927629,22.98997506,53.56422644,97.7710719,2,1,0,5,6,7,8,198.0,267.0,3,4,9,10,4.0,Out of Bounds,1.0
156,19,7,00:13:33,24407,24417,5,push,0,46.87594833,99.64034989,51.71145418,128.17976801,27.4036063,28.75934186,50.84925631,23.2126151,53.56422644,97.7710719,50.30358752,27.01370174,1,2,0,5,6,7,8,198.0,267.0,3,4,9,10,4.0,Out of Bounds,1.0
157,19,8,00:13:33,24417,24441,8,net shot,1,49.2505051,101.10991364,42.18344227,124.68837074,23.7557758,28.44527806,50.96984578,21.0956609,50.30358752,27.01370174,13.50981043,91.42459447,2,1,0,5,6,7,8,198.0,267.0,3,4,9,10,4.0,Out of Bounds,1.0
158,19,9,00:13:34,24441,24467,6,net shot,0,47.49159389,106.54908265,22.42052035,99.47109104,19.57347161,27.28960875,46.72416965,20.01222786,13.50981043,91.42459447,49.41619115,49.16299671,1,2,0,5,6,7,8,198.0,267.0,3,4,9,10,4.0,Out of Bounds,1.0
159,19,10,00:13:35,24467,24517,8,lift,0,36.50843835,117.99637336,23.59917943,90.13208387,18.31545456,32.68814762,40.15072163,39.47280817,49.41619115,49.16299671,65.45093399,130.00617088,2,2,0,5,6,7,8,198.0,267.0,3,4,9,10,4.0,Out of Bounds,1.0
160,20,1,00:13:58,25159,25161,5,short serve,1,29.38900486,93.37766204,32.33320483,115.27558772,28.70974565,33.65819722,39.75767358,42.58995857,-139.84689655,547.81822498,33.06823965,56.22789297,2,2,0,5,6,7,8,198.0,267.0,3,4,10,10,3.0,Opp Grounded within Boundaries,1.0
161,20,2,00:13:58,25161,25178,8,net shot,1,31.70773281,89.7384845,32.20252838,113.15204263,29.04907091,33.66120867,40.01869855,46.77262606,33.06823965,56.22789297,51.89510951,109.12200418,2,2,0,5,6,7,8,198.0,267.0,3,4,10,10,3.0,Opp Grounded within Boundaries,1.0
162,20,3,00:13:59,25178,25215,6,lift,1,31.70181971,88.83871565,40.70546955,112.68137325,31.97157652,28.80054395,38.32149566,57.69018361,51.89510951,109.12200418,6.68754176,15.55595315,2,1,0,5,6,7,8,198.0,267.0,3,4,10,10,3.0,Opp Grounded within Boundaries,1.0
163,20,4,00:14:00,25215,25228,7,smash,0,14.72961021,114.62832513,34.48316674,113.69486213,11.46506935,16.60760652,16.23514079,32.08804553,6.68754176,15.55595315,19.48675257,112.54275481,1,2,0,5,6,7,8,198.0,267.0,3,4,10,10,3.0,Opp Grounded within Boundaries,1.0
164,20,5,00:14:00,25228,25246,5,drive,1,12.09956348,114.61130854,33.98557433,110.55027576,2.44001535,12.55033035,16.4538719,31.22304711,19.48675257,112.54275481,36.11781733,31.6870127,2,1,0,5,6,7,8,198.0,267.0,3,4,10,10,3.0,Opp Grounded within Boundaries,1.0
165,20,6,00:14:01,25246,25271,8,net shot,0,18.76840746,113.59269166,36.81857118,116.37656715,7.23687763,14.06824912,26.4979923,28.18958653,36.11781733,31.6870127,36.65997492,90.22610025,1,2,0,5,6,7,8,198.0,267.0,3,4,10,10,3.0,Opp Grounded within Boundaries,1.0
166,20,7,00:14:02,25271,25300,6,lift,0,20.54151001,100.42609877,40.8280635,100.56592193,23.20753682,16.46523166,29.90169646,44.41732852,36.65997492,90.22610025,53.71257389,12.06801842,2,1,0,5,6,7,8,198.0,267.0,3,4,10,10,3.0,Opp Grounded within Boundaries,1.0
167,20,8,00:14:03,25300,25312,8,smash,0,22.54826253,107.90384094,43.9879519,110.09893991,40.11506415,8.84788117,35.02597175,39.42819589,53.71257389,12.06801842,26.25583009,106.40645955,1,2,0,5,6,7,8,198.0,267.0,3,4,10,10,3.0,Opp Grounded within Boundaries,1.0
168,20,9,00:14:03,25312,25338,5,net shot,1,24.88021258,108.9426071,44.99980188,110.10562836,49.22512134,12.50878193,36.1442675,35.79723764,26.25583009,106.40645955,23.74664081,45.656575,2,2,0,5,6,7,8,198.0,267.0,3,4,10,10,3.0,Opp Grounded within Boundaries,1.0
169,20,10,00:14:04,25338,25372,8,lift,1,22.99557278,107.90682496,43.94617946,111.65576022,38.69669712,28.86120306,28.01309088,36.02480463,23.74664081,45.656575,2.83639169,125.58315058,2,1,0,5,6,7,8,198.0,267.0,3,4,10,10,3.0,Opp Grounded within Boundaries,1.0
170,20,11,00:14:05,25372,25385,5,smash,0,14.33705673,122.82502855,31.17276941,111.57191676,31.50044733,32.51448069,18.41708754,27.27913044,2.83639169,125.58315058,17.75626103,27.27314251,1,1,0,5,6,7,8,198.0,267.0,3,4,10,10,3.0,Opp Grounded within Boundaries,1.0
171,20,12,00:14:06,25385,25401,8,net shot,1,8.68274653,126.76468001,25.89449898,99.97828406,29.12192736,37.84595039,19.22020271,24.26773095,17.75626103,27.27314251,10.48321634,86.01747717,1,2,0,5,6,7,8,198.0,267.0,3,4,10,10,3.0,Opp Grounded within Boundaries,1.0
172,20,13,00:14:06,25401,25415,6,push,0,16.75529533,123.96560318,18.61180588,93.76473886,25.06462105,42.1475617,22.15402236,24.29457776,10.48321634,86.01747717,11.69849903,24.4700736,2,2,0,5,6,7,8,198.0,267.0,3,4,10,10,3.0,Opp Grounded within Boundaries,1.0
173,20,14,00:14:07,25415,25444,8,net shot,1,25.13931533,114.16399836,16.91937488,90.99257632,23.95598601,44.36645747,22.38854293,22.15134601,11.69849903,24.4700736,53.49210066,88.99644389,2,2,0,5,6,7,8,198.0,267.0,3,4,10,10,3.0,Opp Grounded within Boundaries,1.0
174,21,1,00:14:33,26194,26218,8,long serve,1,21.48019287,94.25013224,32.75090575,111.06133511,27.83105174,27.36443295,32.9222179,44.76478698,-139.84689655,547.81822498,11.8566047,118.93050015,2,1,0,5,6,7,8,198.0,267.0,3,4,10,11,4.0,Out of Bounds,1.0
175,21,2,00:14:33,26218,26229,5,smash,0,16.48969019,113.57787645,30.94660413,111.57043223,19.33957056,23.45939993,35.50811092,30.81940709,11.8566047,118.93050015,13.14549249,22.59881408,1,2,0,5,6,7,8,198.0,267.0,3,4,10,11,4.0,Out of Bounds,1.0
176,21,3,00:14:34,26229,26263,7,drive,1,12.78138711,125.64424325,28.15244579,105.41283907,16.93032154,16.1544005,35.93464071,24.96329138,13.14549249,22.59881408,-2.45877723,120.49141684,2,2,0,5,6,7,8,198.0,267.0,3,4,10,11,4.0,Out of Bounds,1.0
177,22,1,00:15:55,28672,28686,6,short serve,1,29.92798513,109.49020831,32.16512677,94.32573641,19.14364624,42.72914774,32.15501366,30.50337026,-139.84689655,547.81822498,28.89217926,53.74663053,2,2,0,5,6,7,8,198.0,267.0,3,4,10,12,4.0,Net Fault ,1.0
178,22,2,00:15:56,28686,28703,7,net shot,0,29.59132015,108.97389202,31.91804179,89.7400012,18.9452007,47.25011786,31.9822954,29.931958,28.89217926,53.74663053,29.81430173,76.79034393,2,2,0,5,6,7,8,198.0,267.0,3,4,10,12,4.0,Net Fault ,1.0
179,22,3,00:15:56,28703,28715,6,net shot,0,32.17854331,110.02087832,35.03975044,87.96880852,26.71067774,51.32770206,29.56257364,29.3431199,29.81430173,76.79034393,35.21039259,52.07982029,2,1,0,5,6,7,8,198.0,267.0,3,4,10,12,4.0,Net Fault ,1.0
180,22,4,00:15:57,28715,28731,7,net shot,0,32.97666881,111.06282049,36.08455415,87.97639901,34.14546718,48.70153372,31.38443333,27.9540217,35.21039259,52.07982029,26.50816721,93.82072064,1,2,0,5,6,7,8,198.0,267.0,3,4,10,12,4.0,Net Fault ,1.0
181,22,5,00:15:57,28731,28747,6,net shot,0,28.80622699,108.96867847,36.80504519,87.53669441,31.77260775,45.40075917,29.56286953,29.06062288,26.50816721,93.82072064,14.33426854,46.22767206,2,2,0,5,6,7,8,198.0,267.0,3,4,10,12,4.0,Net Fault ,1.0
182,22,6,00:15:58,28747,28772,7,net shot,1,26.32700874,109.98219898,33.38538216,98.10714033,25.59774573,41.83713385,24.46129968,23.23791905,14.33426854,46.22767206,10.48344662,79.98038505,2,2,0,5,6,7,8,198.0,267.0,3,4,10,12,4.0,Net Fault ,1.0
183,22,7,00:15:59,28772,28810,6,lift,0,27.10132997,111.54519222,16.88358821,94.2176077,15.99044344,53.63981827,24.1096185,24.31247303,10.48344662,79.98038505,2.56244271,14.02407602,2,1,0,5,6,7,8,198.0,267.0,3,4,10,12,4.0,Net Fault ,1.0
184,22,8,00:16:00,28810,28821,8,smash,0,36.4989407,106.98079813,12.98391865,106.82321987,14.63910289,35.90705453,1.99819503,10.61381652,2.56244271,14.02407602,21.02617068,106.37133624,1,2,0,5,6,7,8,198.0,267.0,3,4,10,12,4.0,Net Fault ,1.0
185,22,9,00:16:00,28821,28836,6,drive,1,37.05577098,106.98452954,13.82943306,109.89958851,16.23480198,33.54748458,-2.65556837,8.43668119,21.02617068,106.37133624,42.76291519,36.4545265,2,1,0,5,6,7,8,198.0,267.0,3,4,10,12,4.0,Net Fault ,1.0
186,22,10,00:16:01,28836,28855,7,push,0,39.09084053,108.01419686,15.73949881,112.51827461,29.98492322,37.2466437,3.95124058,11.59417334,42.76291519,36.4545265,48.80780163,63.23899776,1,2,0,5,6,7,8,198.0,267.0,3,4,10,12,4.0,Net Fault ,1.0
187,23,1,00:16:17,29321,29327,6,short serve,1,32.16672968,108.4786523,29.17798183,92.45356316,28.62045795,34.54157651,38.68331141,44.49246337,-139.84689655,547.81822498,32.70428553,56.93265503,2,2,0,5,6,7,8,198.0,267.0,3,4,10,13,4.0,Out of Bounds,1.0
188,23,2,00:16:17,29327,29355,8,push,1,32.63329227,110.54135778,30.3440306,91.54509189,28.61746897,35.13472277,37.62286426,47.40830147,32.70428553,56.93265503,55.48156964,137.10936172,2,2,0,5,6,7,8,198.0,267.0,3,4,10,13,4.0,Out of Bounds,1.0
189,24,1,00:16:33,29791,29793,6,short serve,1,29.47916622,108.97314724,31.94471954,93.39581609,18.84803488,41.46460522,31.70374847,26.56853695,-139.84689655,547.81822498,28.96720228,59.04919979,2,2,0,5,6,7,8,198.0,267.0,3,4,10,14,4.0,Out of Bounds,1.0
190,24,2,00:16:33,29793,29806,7,net shot,0,28.81116745,107.43661135,32.1319744,90.19350605,19.47052968,47.58406053,31.878326,27.67945661,28.96720228,59.04919979,13.26098965,82.98735848,2,2,0,5,6,7,8,198.0,267.0,3,4,10,14,4.0,Out of Bounds,1.0
191,24,3,00:16:33,29806,29820,6,net shot,0,26.64359671,112.06497023,28.97605215,88.81898526,21.35968217,52.99353286,29.56550018,26.54910898,13.26098965,82.98735848,11.00172846,48.83954652,2,2,0,5,6,7,8,198.0,267.0,3,4,10,14,4.0,Out of Bounds,1.0
192,24,4,00:16:34,29820,29843,7,net shot,1,23.98270944,108.93664707,16.28497905,86.50104,23.7882018,47.62058528,20.89944019,25.09836085,11.00172846,48.83954652,41.32050886,83.19522384,2,2,0,5,6,7,8,198.0,267.0,3,4,10,14,4.0,Out of Bounds,1.0
193,24,5,00:16:34,29843,29877,6,lift,1,35.31933935,109.52592831,28.97988481,87.47974134,25.32844821,42.14983643,18.43179854,25.34893134,41.32050886,83.19522384,47.33513319,17.70432637,2,1,0,5,6,7,8,198.0,267.0,3,4,10,14,4.0,Out of Bounds,1.0
194,24,6,00:16:35,29877,29886,8,smash,0,25.64477256,110.49527012,48.68662809,115.38113676,37.93438752,40.69212445,40.84189646,14.13925209,47.33513319,17.70432637,41.50835077,119.11855024,1,2,0,5,6,7,8,198.0,267.0,3,4,10,14,4.0,Out of Bounds,1.0
195,24,7,00:16:36,29886,29898,6,drive,1,24.43671223,115.2246218,48.08169149,120.80946816,35.07343219,41.60480385,49.17288298,19.77548619,41.50835077,119.11855024,31.58741179,44.43175138,2,1,0,5,6,7,8,198.0,267.0,3,4,10,14,4.0,Out of Bounds,1.0
196,24,8,00:16:36,29898,29911,7,push,0,24.78011494,115.2268382,46.74511224,124.15134693,30.68972973,41.56692563,43.63250063,21.55361305,31.58741179,44.43175138,35.76195381,121.28568213,1,2,0,5,6,7,8,198.0,267.0,3,4,10,14,4.0,Out of Bounds,1.0
197,24,9,00:16:37,29911,29932,6,net shot,0,22.65357409,113.08980994,40.85186078,120.21221743,28.84325075,42.81259598,35.17409378,23.87371083,35.76195381,121.28568213,24.98304839,46.31816851,2,2,0,5,6,7,8,198.0,267.0,3,4,10,14,4.0,Out of Bounds,1.0
198,24,10,00:16:37,29932,29959,7,net shot,1,22.50300191,114.67861954,38.41819884,103.98533845,26.17477998,44.38544131,32.17405519,24.38626908,24.98304839,46.31816851,41.01201327,85.80144264,2,2,0,5,6,7,8,198.0,267.0,3,4,10,14,4.0,Out of Bounds,1.0
199,24,11,00:16:38,29959,30002,6,lift,1,25.84382324,112.58428452,40.12541799,92.99205009,31.67857395,56.92425926,29.4053651,24.09055636,41.01201327,85.80144264,51.52331552,8.72362772,2,1,0,5,6,7,8,198.0,267.0,3,4,10,14,4.0,Out of Bounds,1.0
200,24,12,00:16:40,30002,30027,8,drop,0,22.60047903,110.47519372,46.82883154,114.8360094,40.27056028,38.24800994,46.75934613,7.7471494,51.52331552,8.72362772,54.41582318,91.26147913,1,2,0,5,6,7,8,198.0,267.0,3,4,10,14,4.0,Out of Bounds,1.0
201,24,13,00:16:40,30027,30065,6,lift,1,24.3554661,106.89942259,45.32922006,105.52871408,36.32902203,39.43953928,43.78415658,10.53588354,54.41582318,91.26147913,8.72608311,11.63964108,2,1,0,5,6,7,8,198.0,267.0,3,4,10,14,4.0,Out of Bounds,1.0
202,24,14,00:16:42,30065,30094,8,drop,0,15.82567987,115.7044826,38.5322346,108.01047039,23.66540926,38.40828617,9.68768085,10.44823357,8.72608311,11.63964108,52.00168236,79.45093528,1,2,0,5,6,7,8,198.0,267.0,3,4,10,14,4.0,Out of Bounds,1.0
203,24,15,00:16:43,30094,30126,6,lift,1,20.40488104,104.85975315,44.97568962,90.2859598,30.68972973,41.56692563,13.82154425,10.48774483,52.00168236,79.45093528,57.79411745,25.16297116,2,2,0,5,6,7,8,198.0,267.0,3,4,10,14,4.0,Out of Bounds,1.0
204,24,16,00:16:44,30126,30158,8,lift,0,29.9301006,114.7266734,46.08944383,99.15359864,31.05181771,43.78643143,43.21440283,22.60900765,57.79411745,25.16297116,51.91443031,124.18336341,2,1,0,5,6,7,8,198.0,267.0,3,4,10,14,4.0,Out of Bounds,1.0
205,24,17,00:16:45,30158,30168,5,smash,0,47.74016168,123.03302762,42.24212695,95.33100648,23.74718112,25.67111099,49.09328451,21.60405969,51.91443031,124.18336341,48.80242147,24.80930589,1,2,0,5,6,7,8,198.0,267.0,3,4,10,14,4.0,Out of Bounds,1.0
206,24,18,00:16:45,30168,30195,8,lift,1,52.26626784,129.34349498,42.2049869,99.60802163,23.92192782,22.16547529,49.21868989,20.295479,48.80242147,24.80930589,54.9858222,117.03170796,2,1,0,5,6,7,8,198.0,267.0,3,4,10,14,4.0,Out of Bounds,1.0
207,24,19,00:16:46,30195,30207,5,smash,0,50.70045312,116.46572266,41.08248432,101.54136774,25.45272163,26.51174056,49.61777049,20.29918122,54.9858222,117.03170796,49.39625639,25.08625921,1,2,0,5,6,7,8,198.0,267.0,3,4,10,14,4.0,Out of Bounds,1.0
208,24,20,00:16:46,30207,30250,8,lift,1,47.94793129,116.44804476,41.35441597,100.08506237,25.10074995,27.6180991,49.69758547,20.29992165,49.39625639,25.08625921,44.65339896,129.88090476,2,1,0,5,6,7,8,198.0,267.0,3,4,10,14,4.0,Out of Bounds,1.0
209,24,21,00:16:48,30250,30262,5,smash,0,48.51330295,130.48955281,37.53606444,103.97934836,23.10911682,30.70830189,46.35852318,24.78696191,44.65339896,129.88090476,43.49607444,31.4649069,1,2,0,5,6,7,8,198.0,267.0,3,4,10,14,4.0,Out of Bounds,1.0
210,24,22,00:16:48,30262,30299,8,lift,1,46.07568479,137.05470928,37.43826284,104.47598411,22.80560689,32.43701428,46.52222255,23.70879551,43.49607444,31.4649069,62.4681618,128.82409202,2,2,0,5,6,7,8,198.0,267.0,3,4,10,14,4.0,Out of Bounds,1.0
211,25,1,00:17:19,31191,31205,6,short serve,1,31.27843945,110.01492852,28.65078158,91.53297181,28.45862397,33.07021015,38.56012825,43.53177466,-139.84689655,547.81822498,34.27699968,56.23781243,2,2,0,5,6,7,8,198.0,267.0,3,4,15,10,3.0,Opp Grounded within Boundaries,1.0
212,25,2,00:17:20,31205,31215,8,net shot,1,33.89336419,112.11244459,30.34658608,92.92245392,29.04621984,34.5453439,37.90645727,45.12979882,34.27699968,56.23781243,35.01454095,70.39351506,2,1,0,5,6,7,8,198.0,267.0,3,4,15,10,3.0,Opp Grounded within Boundaries,1.0
213,25,3,00:17:20,31215,31228,6,push,1,35.71523322,112.64877284,33.3516265,78.47453439,30.15139315,33.37775971,37.30369717,54.85897495,35.01454095,70.39351506,17.0750449,26.15985362,1,2,0,5,6,7,8,198.0,267.0,3,4,15,10,3.0,Opp Grounded within Boundaries,1.0
214,26,1,00:17:36,31709,31720,6,short serve,1,29.03054305,108.97016808,32.26415663,93.39808515,19.64634123,43.36941111,32.64288922,29.37085211,-139.84689655,547.81822498,29.53107512,59.41512153,2,2,0,5,6,7,8,198.0,267.0,3,4,15,11,4.0,Opp Grounded within Boundaries,1.0
215,26,2,00:17:37,31720,31736,7,push,0,28.47195741,108.45406036,32.04766018,92.9345605,18.9955483,50.24794811,32.38678515,28.80428904,29.53107512,59.41512153,31.16365615,109.49839516,2,2,0,5,6,7,8,198.0,267.0,3,4,15,11,4.0,Opp Grounded within Boundaries,1.0
216,26,3,00:17:37,31736,31757,6,drive,1,31.62204511,111.05390793,33.74856259,92.94666586,23.96130256,55.80065259,30.30815462,27.66524182,31.16365615,109.49839516,8.44471192,37.96979987,2,2,0,5,6,7,8,198.0,267.0,3,4,15,11,4.0,Opp Grounded within Boundaries,1.0
217,26,4,00:17:38,31757,31773,8,drive,1,30.4977547,113.14093224,30.45086823,92.00352883,35.23871284,45.10702478,19.27419536,28.40481781,8.44471192,37.96979987,8.21091677,114.58614872,2,2,0,5,6,7,8,198.0,267.0,3,4,15,11,4.0,Opp Grounded within Boundaries,1.0
218,26,5,00:17:39,31773,31786,5,drive,0,25.11556806,115.76429433,29.49598465,92.91640017,35.2840599,31.96838363,10.62961194,31.45926942,8.21091677,114.58614872,23.44329848,40.25552234,2,2,0,5,6,7,8,198.0,267.0,3,4,15,11,4.0,Opp Grounded within Boundaries,1.0
219,26,6,00:17:39,31786,31796,8,drive,0,14.19334501,109.3859597,29.38571587,95.70978299,34.64063077,29.38883785,10.13519158,32.32412762,23.44329848,40.25552234,29.9231841,97.60610507,2,2,0,5,6,7,8,198.0,267.0,3,4,15,11,4.0,Opp Grounded within Boundaries,1.0
220,26,7,00:17:39,31796,31809,6,drive,1,13.63112189,109.38223473,32.84937056,98.58182166,33.72986877,29.66380024,12.24976513,39.22992307,29.9231841,97.60610507,27.44904092,32.47838481,2,1,0,5,6,7,8,198.0,267.0,3,4,15,11,4.0,Opp Grounded within Boundaries,1.0
221,26,8,00:17:40,31809,31822,7,drive,0,19.53850125,110.97440592,38.87406117,104.48571263,33.51650515,31.95260525,14.77247755,36.50920708,27.44904092,32.47838481,32.86410456,100.02642162,1,2,0,5,6,7,8,198.0,267.0,3,4,15,11,4.0,Opp Grounded within Boundaries,1.0
222,26,9,00:17:40,31822,31833,6,drive,1,22.3492797,106.88597879,38.69093343,102.01420424,33.97900783,34.29357294,23.37648323,30.13927599,32.86410456,100.02642162,27.86595735,43.75911288,2,1,0,5,6,7,8,198.0,267.0,3,4,15,11,4.0,Opp Grounded within Boundaries,1.0
223,26,10,00:17:41,31833,31842,7,drive,0,23.21922345,107.90831694,37.3649185,105.97720135,34.8522241,39.42668337,23.44726913,27.60313011,27.86595735,43.75911288,36.20799669,98.60516291,1,2,0,5,6,7,8,198.0,267.0,3,4,15,11,4.0,Opp Grounded within Boundaries,1.0
224,26,11,00:17:41,31842,31854,6,drive,1,22.63636514,108.92770644,33.59565874,97.63173154,34.17408542,40.34864121,23.3567015,27.88141296,36.20799669,98.60516291,32.56690582,44.76175035,2,1,0,5,6,7,8,198.0,267.0,3,4,15,11,4.0,Opp Grounded within Boundaries,1.0
225,26,12,00:17:41,31854,31868,7,push,0,24.72586937,111.52959992,35.15901272,100.52684853,30.60621569,42.82776323,24.58589745,24.85962401,32.56690582,44.76175035,28.94819034,98.55470986,1,2,0,5,6,7,8,198.0,267.0,3,4,15,11,4.0,Opp Grounded within Boundaries,1.0
226,27,1,00:17:59,32382,32394,7,short serve,1,30.93335502,107.95977809,41.5622681,94.39222845,28.65647038,45.05083339,32.21192116,20.39854789,-139.84689655,547.81822498,31.94001088,78.88133487,2,1,0,5,6,7,8,198.0,267.0,3,4,15,12,4.0,Net Fault ,1.0
227,27,2,00:17:59,32394,32415,6,net shot,0,31.04512807,107.96052373,40.64355084,89.80292761,29.54712355,44.09349148,32.05995568,21.18337865,31.94001088,78.88133487,38.60576909,69.2479634,1,2,0,5,6,7,8,198.0,267.0,3,4,15,12,4.0,Net Fault ,1.0
228,28,1,00:18:18,32951,32967,7,short serve,1,20.6251055,94.24408183,32.19047561,111.57859689,31.59211232,45.07589442,29.32858078,21.95005624,-139.84689655,547.81822498,26.22822073,82.22409333,2,2,0,5,6,7,8,198.0,267.0,3,4,16,12,3.0,Out of Bounds,1.0
229,28,2,00:18:18,32967,32987,5,net shot,1,21.38626805,90.11615453,32.27458278,107.96872545,30.17223974,47.34520114,27.0425874,24.33931204,26.22822073,82.22409333,24.17821511,63.04191099,2,2,0,5,6,7,8,198.0,267.0,3,4,16,12,3.0,Out of Bounds,1.0
230,28,3,00:18:19,32987,33040,7,lift,1,27.66607614,81.8070889,31.94282715,108.47716203,28.52717512,53.0530187,26.77996388,25.69874086,24.17821511,63.04191099,73.99584201,104.22692644,2,2,0,5,6,7,8,198.0,267.0,3,4,16,12,3.0,Out of Bounds,1.0
231,29,1,00:18:36,33490,33492,5,short serve,1,29.81500329,93.84416468,32.56671567,115.81226757,39.85875701,42.90736527,26.01393425,32.46559877,-139.84689655,547.81822498,37.87236451,61.30425699,2,2,0,5,6,7,8,198.0,267.0,3,4,17,12,3.0,Out of Bounds,1.0
232,29,2,00:18:36,33492,33509,7,net shot,0,33.32890318,93.40564838,32.44761955,115.27632618,38.46510232,48.40599558,26.11678291,31.30947016,37.87236451,61.30425699,8.88361199,104.78185921,2,2,0,5,6,7,8,198.0,267.0,3,4,17,12,3.0,Out of Bounds,1.0
233,29,3,00:18:36,33509,33542,6,lift,0,36.06730374,92.04365437,25.77766792,108.9485668,34.2282578,53.44510062,27.41242536,27.91809592,8.88361199,104.78185921,46.469263,15.68016518,2,1,0,5,6,7,8,198.0,267.0,3,4,17,12,3.0,Out of Bounds,1.0
234,29,4,00:18:38,33542,33555,8,smash,0,43.51714217,112.17546491,13.15200471,107.84115829,36.19283646,37.60406492,38.512179,14.11721936,46.469263,15.68016518,36.38757244,106.98005183,1,2,0,5,6,7,8,198.0,267.0,3,4,17,12,3.0,Out of Bounds,1.0
235,29,5,00:18:38,33555,33567,5,drive,1,45.49384722,113.23866516,19.54558874,107.37466055,35.76182139,37.60028936,42.7416886,12.20506796,36.38757244,106.98005183,36.48556192,38.82633912,2,1,0,5,6,7,8,198.0,267.0,3,4,17,12,3.0,Out of Bounds,1.0
236,29,6,00:18:38,33567,33578,7,push,0,45.89917306,110.11157331,22.64152009,113.61787294,34.21007585,37.58669656,36.78469093,18.37164712,36.48556192,38.82633912,44.87431273,107.54401152,1,2,0,5,6,7,8,198.0,267.0,3,4,17,12,3.0,Out of Bounds,1.0
237,29,7,00:18:39,33578,33598,5,drive,1,45.89917306,110.11157331,24.13174231,113.0994435,33.15836477,36.37004956,33.59870939,21.98943665,44.87431273,107.54401152,46.66389411,26.70446377,2,1,0,5,6,7,8,198.0,267.0,3,4,17,12,3.0,Out of Bounds,1.0
238,29,8,00:18:39,33598,33626,8,net shot,0,42.83799695,112.1710176,23.18871737,114.68305617,31.28428483,38.47481861,35.34321517,24.14494007,46.66389411,26.70446377,29.20069882,81.818516,1,2,0,5,6,7,8,198.0,267.0,3,4,17,12,3.0,Out of Bounds,1.0
239,29,9,00:18:40,33626,33673,5,lift,0,40.76297082,92.99658757,23.27703622,110.47965546,30.89632974,48.67414386,34.68571751,20.16065863,29.20069882,81.818516,13.48624481,13.88054283,2,1,0,5,6,7,8,198.0,267.0,3,4,17,12,3.0,Out of Bounds,1.0
240,29,10,00:18:42,33673,33695,8,drop,0,37.12825537,110.0535965,15.19621045,111.99000819,18.8713012,37.14919191,13.24822541,10.96080539,13.48624481,13.88054283,30.02447646,88.82657425,1,2,0,5,6,7,8,198.0,267.0,3,4,17,12,3.0,Out of Bounds,1.0
241,29,11,00:18:43,33695,33731,6,lift,1,39.64713268,104.49095073,21.46840343,98.50272802,25.66764009,37.81572304,14.49732863,13.8901049,30.02447646,88.82657425,60.01099986,14.32053911,2,1,0,5,6,7,8,198.0,267.0,3,4,17,12,3.0,Out of Bounds,1.0
242,29,12,00:18:44,33731,33744,8,drive,0,48.1672124,114.31335368,25.77097217,109.46266635,36.26254657,36.99947646,48.40727992,13.7194837,60.01099986,14.32053911,58.37299515,110.19402676,1,2,0,5,6,7,8,198.0,267.0,3,4,17,12,3.0,Out of Bounds,1.0
243,29,13,00:18:44,33744,33764,5,net shot,1,48.68662809,115.38113676,27.69161387,107.93815236,35.31671804,36.99117431,52.25251658,15.73460349,58.37299515,110.19402676,57.91590437,44.65701599,2,2,0,5,6,7,8,198.0,267.0,3,4,17,12,3.0,Out of Bounds,1.0
244,29,14,00:18:45,33764,33784,7,net shot,0,47.45388047,113.77919201,27.90578257,109.47681037,41.65754918,40.10356456,47.89038537,25.61755012,57.91590437,44.65701599,53.97513836,76.56285567,2,2,0,5,6,7,8,198.0,267.0,3,4,17,12,3.0,Out of Bounds,1.0
245,29,15,00:18:46,33784,33802,5,net shot,1,50.44449512,96.32850253,25.9637711,112.06051846,38.56012825,43.53177466,41.07579981,25.01025433,53.97513836,76.56285567,48.15846437,58.12764513,2,2,0,5,6,7,8,198.0,267.0,3,4,17,12,3.0,Out of Bounds,1.0
246,29,16,00:18:46,33802,33838,7,lift,0,44.49475876,81.08131314,29.47754542,110.52054636,38.32949059,47.08585106,36.51406923,25.24086966,48.15846437,58.12764513,7.17901259,122.78045585,2,1,0,5,6,7,8,198.0,267.0,3,4,17,12,3.0,Out of Bounds,1.0
247,29,17,00:18:47,33838,33869,6,drop,0,26.56888075,98.05967133,18.10665162,125.67695665,36.36181917,31.40109962,18.71530216,21.32342839,7.17901259,122.78045585,53.989228,53.60890253,1,2,0,5,6,7,8,198.0,267.0,3,4,17,12,3.0,Out of Bounds,1.0
248,29,18,00:18:48,33869,33916,7,lift,0,32.19157175,97.62193384,22.08854625,127.42217999,40.45681951,44.50763737,18.62270447,24.80515202,53.989228,53.60890253,54.6715975,126.47260047,2,1,0,5,6,7,8,198.0,267.0,3,4,17,12,3.0,Out of Bounds,1.0
249,29,19,00:18:50,33916,33932,6,smash,0,37.8485708,107.49703654,58.10111011,126.49361002,48.81272111,25.89946818,25.12365599,26.5087507,54.6715975,126.47260047,31.56938995,30.49811762,1,2,0,5,6,7,8,198.0,267.0,3,4,17,12,3.0,Out of Bounds,1.0
250,29,20,00:18:51,33932,33976,8,lift,0,34.04866888,106.96437843,57.60730348,127.63856091,47.84667885,25.07210429,24.85273817,27.61585384,31.56938995,30.49811762,41.60043187,128.1183447,2,1,0,5,6,7,8,198.0,267.0,3,4,17,12,3.0,Out of Bounds,1.0
251,29,21,00:18:52,33976,33987,6,smash,0,29.36988769,106.9330251,45.03918602,130.46868814,41.6894506,30.58888757,24.280788,27.33226304,41.60043187,128.1183447,43.60267594,36.16206176,1,2,0,5,6,7,8,198.0,267.0,3,4,17,12,3.0,Out of Bounds,1.0
252,29,22,00:18:52,33987,34007,7,drive,1,30.70236398,105.43004089,42.27418326,133.41108677,41.18975874,34.06282792,24.95321455,26.78357787,43.60267594,36.16206176,50.5860791,123.61196525,2,1,0,5,6,7,8,198.0,267.0,3,4,17,12,3.0,Out of Bounds,1.0
253,29,23,00:18:53,34007,34035,6,net shot,1,32.89904446,103.4521162,40.9670688,123.55222852,42.2931101,34.07261032,24.13642053,26.49978075,50.5860791,123.61196525,57.412634,48.89767332,1,2,0,5,6,7,8,198.0,267.0,3,4,17,12,3.0,Out of Bounds,1.0
254,29,24,00:18:54,34035,34082,7,lift,0,34.43741993,96.21613028,39.39160606,121.86406146,51.16673359,35.6313679,24.32317217,29.01340576,57.412634,48.89767332,55.56176124,128.78225517,2,1,0,5,6,7,8,198.0,267.0,3,4,17,12,3.0,Out of Bounds,1.0
255,29,25,00:18:56,34082,34094,6,smash,0,38.22517587,104.98023407,59.25346564,128.80461838,52.03357778,24.56799963,24.21869236,26.50052826,55.56176124,128.78225517,41.62664226,27.76770827,1,2,0,5,6,7,8,198.0,267.0,3,4,17,12,3.0,Out of Bounds,1.0
256,29,26,00:18:56,34094,34113,7,drive,1,36.7869692,104.97051052,59.48224682,124.79522172,51.51649994,25.105627,23.73244855,26.22039676,41.62664226,27.76770827,43.13141866,113.75108926,2,1,0,5,6,7,8,198.0,267.0,3,4,17,12,3.0,Out of Bounds,1.0
257,29,27,00:18:57,34113,34127,6,drive,0,28.59791549,104.91514529,51.20669767,113.80359118,44.88333669,25.8636699,23.72505535,26.49604311,43.13141866,113.75108926,34.80399524,33.12663432,1,2,0,5,6,7,8,198.0,267.0,3,4,17,12,3.0,Out of Bounds,1.0
258,29,28,00:18:57,34127,34158,7,lift,1,26.39514435,103.90369657,44.62414296,111.66021031,43.37708873,26.67460009,23.43948113,27.88216168,34.80399524,33.12663432,50.68650014,127.02128474,2,1,0,5,6,7,8,198.0,267.0,3,4,17,12,3.0,Out of Bounds,1.0
259,29,29,00:18:58,34158,34173,6,smash,0,27.69510248,107.4291492,47.51175838,125.28844536,42.68828226,26.1178941,24.40296417,25.67708544,50.68650014,127.02128474,38.28240852,33.44999159,1,2,0,5,6,7,8,198.0,267.0,3,4,17,12,3.0,Out of Bounds,1.0
260,29,30,00:18:59,34173,34191,7,drive,1,32.43708208,100.99427123,47.71628488,124.72254591,44.06459956,25.85621087,23.73982378,25.9454202,38.28240852,33.44999159,50.19634401,117.54140104,2,1,0,5,6,7,8,198.0,267.0,3,4,17,12,3.0,Out of Bounds,1.0
261,29,31,00:18:59,34191,34213,6,net shot,1,31.35476112,102.94745392,44.52741134,121.89621204,42.13725596,28.05127816,23.67264531,25.39672012,50.19634401,117.54140104,33.65025962,51.72577575,1,2,0,5,6,7,8,198.0,267.0,3,4,17,12,3.0,Out of Bounds,1.0
262,29,32,00:19:00,34213,34239,7,push,1,32.53746868,100.02416562,38.48434323,118.55323707,34.67221067,39.11742347,21.9161978,31.27190101,33.65025962,51.72577575,52.92808045,121.94880094,2,1,0,5,6,7,8,198.0,267.0,3,4,17,12,3.0,Out of Bounds,1.0
263,29,33,00:19:01,34239,34265,6,drop,1,32.20695073,99.53882406,42.68229202,122.44212957,40.46162724,31.15042466,24.34334042,28.17011615,52.92808045,121.94880094,24.07165402,50.96635989,1,2,0,5,6,7,8,198.0,267.0,3,4,17,12,3.0,Out of Bounds,1.0
264,29,34,00:19:02,34265,34317,8,lift,0,32.50264939,96.20254788,39.04625618,118.01255021,42.45761029,30.88168033,20.89405502,38.3840851,24.07165402,50.96635989,51.91033914,127.6038549,2,1,0,5,6,7,8,198.0,267.0,3,4,17,12,3.0,Out of Bounds,1.0
265,29,35,00:19:03,34317,34347,6,drop,0,35.32151402,103.46860147,52.58549327,130.51400935,46.64339808,26.42875139,23.17489739,28.44003382,51.91033914,127.6038549,33.29905636,52.7487831,1,2,0,5,6,7,8,198.0,267.0,3,4,17,12,3.0,Out of Bounds,1.0
266,29,36,00:19:04,34347,34402,7,lift,1,34.30120837,101.49482439,41.50206025,128.69708582,37.64819107,37.31384043,24.28403088,34.20770126,33.29905636,52.7487831,49.72483555,128.74689687,2,1,0,5,6,7,8,198.0,267.0,3,4,17,12,3.0,Out of Bounds,1.0
267,29,37,00:19:06,34402,34424,6,drop,0,34.63722856,101.98644045,50.70638128,131.0901674,45.1627403,30.05040032,21.88143555,29.84118949,49.72483555,128.74689687,29.04542542,64.57795134,1,1,0,5,6,7,8,198.0,267.0,3,4,17,12,3.0,Out of Bounds,1.0
268,29,38,00:19:07,34424,34451,8,push,0,34.22043467,103.46110846,45.07767313,128.71874579,36.26710108,40.36680384,20.24198585,48.58432894,29.04542542,64.57795134,-2.16404391,121.04763686,1,2,0,5,6,7,8,198.0,267.0,3,4,17,12,3.0,Out of Bounds,1.0
269,30,1,00:19:32,35185,35187,5,short serve,1,32.24873243,91.55872553,30.04352417,113.66599752,31.40603685,31.06935614,18.46759969,42.09068202,-139.84689655,547.81822498,30.46997302,58.34175061,2,1,0,5,6,7,8,198.0,267.0,3,4,17,13,4.0,Net Fault ,1.0
270,30,2,00:19:32,35187,35199,8,push,0,32.55323508,90.19653843,30.83872323,113.14315441,30.90417337,31.35228758,19.84647555,44.97562408,30.46997302,58.34175061,32.73619734,109.5088139,1,2,0,5,6,7,8,198.0,267.0,3,4,17,13,4.0,Net Fault ,1.0
271,30,3,00:19:33,35199,35233,6,drive,1,28.98115448,87.03608141,31.51487798,112.09686931,30.98962607,31.64119107,23.34164546,58.28370487,32.73619734,109.5088139,24.30143085,71.09847557,2,2,0,5,6,7,8,198.0,267.0,3,4,17,13,4.0,Net Fault ,1.0
272,31,1,00:20:10,36318,36332,8,short serve,1,43.01269484,95.80563694,28.91691418,109.48350954,34.80403725,25.49822196,27.31864632,45.36277925,-139.84689655,547.81822498,37.32630967,83.59712017,2,1,0,5,6,7,8,198.0,267.0,3,4,17,14,4.0,Net Fault ,1.0
273,31,2,00:20:11,36332,36341,5,net shot,0,40.905594,91.16459159,29.36917222,107.44034224,33.01554716,26.30481826,27.20211246,47.97976099,37.32630967,83.59712017,34.76652274,52.76097715,1,1,0,5,6,7,8,198.0,267.0,3,4,17,14,4.0,Net Fault ,1.0
274,31,3,00:20:11,36341,36361,8,net shot,0,38.972269,83.60929239,30.48625538,107.95679548,32.77639132,26.85459457,28.73842628,46.67687235,34.76652274,52.76097715,53.95115114,109.64937191,1,2,0,5,6,7,8,198.0,267.0,3,4,17,14,4.0,Net Fault ,1.0
275,31,4,00:20:12,36361,36401,6,lift,1,33.40696462,91.11081577,43.60973111,114.28379457,36.61366785,31.4033521,30.26263704,47.67535486,53.95115114,109.64937191,4.8236004,9.45089716,2,1,0,5,6,7,8,198.0,267.0,3,4,17,14,4.0,Net Fault ,1.0
276,31,5,00:20:13,36401,36447,7,clear,1,23.88863371,120.10519004,36.59982573,111.60753945,19.93887352,15.68059087,25.29346046,34.80837853,4.8236004,9.45089716,15.6146009,117.86318948,1,1,0,5,6,7,8,198.0,267.0,3,4,17,14,4.0,Net Fault ,1.0
277,31,6,00:20:14,36447,36459,5,smash,0,16.33101644,120.05750618,23.12815883,101.90761493,14.72821704,23.14854239,37.13229402,24.16132593,15.6146009,117.86318948,9.06736077,25.5373719,1,2,0,5,6,7,8,198.0,267.0,3,4,17,14,4.0,Net Fault ,1.0
278,31,7,00:20:15,36459,36474,7,lift,1,15.00411928,126.22959341,23.33695796,102.40011002,16.88052352,21.04303271,39.00989624,20.46155916,9.06736077,25.5373719,13.94099418,101.35508185,2,1,0,5,6,7,8,198.0,267.0,3,4,17,14,4.0,Net Fault ,1.0
279,31,8,00:20:15,36474,36492,6,net shot,0,19.95037743,123.42170902,16.71795408,97.9910711,15.41704204,21.29295911,36.6746195,19.91892198,13.94099418,101.35508185,14.03292873,43.96060554,1,2,0,5,6,7,8,198.0,267.0,3,4,17,14,4.0,Net Fault ,1.0
280,31,9,00:20:16,36492,36526,7,net shot,1,27.06464786,115.77684323,5.48773847,104.25949735,17.71456573,31.23432249,35.67209213,21.21677572,14.03292873,43.96060554,52.75923203,88.99113905,2,2,0,5,6,7,8,198.0,267.0,3,4,17,14,4.0,Net Fault ,1.0
281,31,10,00:20:17,36526,36550,5,lift,1,47.94918251,103.06062477,18.05016433,111.48578122,28.29264311,46.34629442,33.11535291,21.984979,52.75923203,88.99113905,50.15674798,73.69030657,2,2,0,5,6,7,8,198.0,267.0,3,4,17,14,4.0,Net Fault ,1.0
282,32,1,00:20:43,37298,37300,8,short serve,1,29.70264085,111.56226697,21.27990925,93.78365456,28.56495751,29.05163027,32.03099306,44.43554663,-139.84689655,547.81822498,28.06743641,83.09704487,2,1,0,5,6,7,8,198.0,267.0,3,4,18,14,3.0,Faults,1.0
283,32,2,00:20:43,37300,37317,6,net shot,1,29.13381159,113.13204311,21.74014649,88.76660839,27.98951304,28.20306457,30.26386421,48.33677928,28.06743641,83.09704487,9.37272186,35.26265516,1,2,0,5,6,7,8,198.0,267.0,3,4,18,14,3.0,Faults,1.0
284,32,3,00:20:43,37317,37341,7,drive,1,28.01813352,109.47755474,22.65691341,85.66688867,20.64016685,29.54606311,27.53200386,51.33456023,9.37272186,35.26265516,1.94560044,112.95485141,2,2,0,5,6,7,8,198.0,267.0,3,4,18,14,3.0,Faults,1.0
285,32,4,00:20:44,37341,37352,5,drive,0,16.19375575,112.52124219,24.14367429,89.2332707,13.59595018,31.19748646,33.79890727,33.70336252,1.94560044,112.95485141,20.84918372,44.3398759,2,2,0,5,6,7,8,198.0,267.0,3,4,18,14,3.0,Faults,1.0
286,32,5,00:20:45,37352,37364,7,drive,0,11.5277599,114.60760893,24.99937111,94.74151569,10.89257602,37.68643126,34.00582467,31.09263026,20.84918372,44.3398759,17.4561358,98.4748442,2,1,0,5,6,7,8,198.0,267.0,3,4,18,14,3.0,Faults,1.0
287,32,6,00:20:45,37364,37374,6,drive,0,11.46569612,115.67641142,29.26643677,102.44063461,9.64900512,40.13581918,32.52939915,26.85235244,17.4561358,98.4748442,19.64167333,45.62161051,1,1,0,5,6,7,8,198.0,267.0,3,4,18,14,3.0,Faults,1.0
288,32,7,00:20:45,37374,37397,7,net shot,0,16.00828025,116.78200026,31.24246625,102.45413963,11.96582908,39.53614479,31.62595269,27.12114687,19.64167333,45.62161051,15.37955554,96.55492226,1,2,0,5,6,7,8,198.0,267.0,3,4,18,14,3.0,Faults,1.0
289,32,8,00:20:46,37397,37420,5,lift,0,19.44285309,110.45436992,37.56140343,104.97574638,22.92540518,46.30068205,28.50260794,25.44076224,15.37955554,96.55492226,9.39713035,22.83164044,2,1,0,5,6,7,8,198.0,267.0,3,4,18,14,3.0,Faults,1.0
290,32,9,00:20:47,37420,37445,8,drop,0,15.82957918,113.04533643,37.51393857,107.49479915,23.58571112,41.50554201,18.15772062,18.19784772,9.39713035,22.83164044,13.18679796,86.0372608,1,2,0,5,6,7,8,198.0,267.0,3,4,18,14,3.0,Faults,1.0
291,32,10,00:20:48,37445,37483,5,lift,0,20.86890629,100.42835532,36.984707,103.9756044,22.35976778,50.27614107,17.58913954,21.31302491,13.18679796,86.0372608,10.43183682,9.03252196,2,1,0,5,6,7,8,198.0,267.0,3,4,18,14,3.0,Faults,1.0
292,32,11,00:20:49,37483,37509,8,drop,0,14.76791637,111.46423685,37.56916876,114.24461643,15.27631957,35.31473754,8.06107706,5.53506691,10.43183682,9.03252196,6.49156323,87.76140605,1,2,0,5,6,7,8,198.0,267.0,3,4,18,14,3.0,Faults,1.0
293,32,12,00:20:50,37509,37554,5,lift,0,17.43628591,98.95487748,37.63842661,108.00450778,22.72599853,35.08269534,11.58362541,13.37069614,6.49156323,87.76140605,13.72679036,10.72583473,2,1,0,5,6,7,8,198.0,267.0,3,4,18,14,3.0,Faults,1.0
294,32,13,00:20:51,37554,37581,8,drop,0,16.08193284,109.9144778,37.84328001,111.61570136,17.22189783,34.14514957,12.84759887,3.77532032,13.72679036,10.72583473,9.05099744,84.25567361,1,2,0,5,6,7,8,198.0,267.0,3,4,18,14,3.0,Faults,1.0
295,32,14,00:20:52,37581,37641,5,lift,0,18.38029477,94.22819806,39.15613414,106.49310025,23.83337303,42.13694585,17.77409621,11.00399922,9.05099744,84.25567361,6.90526651,10.66068329,2,1,0,5,6,7,8,198.0,267.0,3,4,18,14,3.0,Faults,1.0
296,32,15,00:20:54,37641,37649,8,smash,0,14.06238287,111.98258343,38.21053613,112.66507425,15.33752983,37.11820541,6.27881273,8.05460665,6.90526651,10.66068329,13.2686582,111.97738581,1,2,0,5,6,7,8,198.0,267.0,3,4,18,14,3.0,Faults,1.0
297,32,16,00:20:54,37649,37666,5,net shot,1,13.2150424,115.15219437,37.85676202,112.13839849,17.29759915,35.93046103,6.19585057,9.46405174,13.2686582,111.97738581,12.30490476,43.30638927,2,2,0,5,6,7,8,198.0,267.0,3,4,18,14,3.0,Faults,1.0
298,32,17,00:20:55,37666,37691,7,net shot,1,13.38848382,116.22608889,37.51707873,112.13617411,24.25022874,39.33439024,15.79185721,19.20617856,12.30490476,43.30638927,20.91207601,81.75679731,2,2,0,5,6,7,8,198.0,267.0,3,4,18,14,3.0,Faults,1.0
299,32,18,00:20:56,37691,37724,5,lift,1,14.50310196,98.93453468,36.70132262,111.08732633,22.9162848,46.62745053,22.06570728,22.14837126,20.91207601,81.75679731,41.48116003,10.27613488,2,1,0,5,6,7,8,198.0,267.0,3,4,18,14,3.0,Faults,1.0
300,32,19,00:20:57,37724,37736,8,smash,0,19.40814902,111.4946949,43.42679382,112.69915122,30.94096412,39.08490793,33.45697227,9.25356642,41.48116003,10.27613488,37.32847639,113.71336108,1,2,0,5,6,7,8,198.0,267.0,3,4,18,14,3.0,Faults,1.0
301,32,20,00:20:57,37736,37750,6,lift,1,21.56078343,115.74140731,44.36717625,115.88824329,32.23952486,38.78929883,40.24311877,8.38161317,37.32847639,113.71336108,23.06784826,38.09763005,2,1,0,5,6,7,8,198.0,267.0,3,4,18,14,3.0,Faults,1.0
302,32,21,00:20:58,37750,37768,7,push,0,21.83074567,114.14253949,42.11825706,116.94927254,27.99473831,38.44609238,34.35368018,12.12525449,23.06784826,38.09763005,13.53816324,18.41145551,1,2,0,5,6,7,8,198.0,267.0,3,4,18,14,3.0,Faults,1.0
303,33,1,00:21:26,38605,38613,6,short serve,1,31.95352185,110.0193909,29.07181875,92.45280615,28.54324463,33.07096261,38.21780224,43.84787927,-139.84689655,547.81822498,33.26373827,56.93723433,2,2,0,5,6,7,8,198.0,267.0,3,4,19,14,3.0,Failed Return,1.0
304,33,2,00:21:27,38613,38632,8,net shot,1,33.30944687,110.54581686,31.50271433,90.64235874,28.61596881,35.43242183,38.40769333,46.75895088,33.26373827,56.93723433,52.37904886,103.5846806,2,2,0,5,6,7,8,198.0,267.0,3,4,19,14,3.0,Failed Return,1.0
305,33,3,00:21:27,38632,38652,5,net shot,1,45.02515089,110.62307918,32.36256331,92.47627142,28.31547028,29.04938204,41.83422619,45.48655684,52.37904886,103.5846806,17.56782171,63.36182463,2,2,0,5,6,7,8,198.0,267.0,3,4,19,14,3.0,Failed Return,1.0
306,33,4,00:21:28,38652,38671,8,net shot,1,42.51973457,112.69322555,29.92513901,102.44513646,24.13530517,33.32431578,32.72445364,58.71941151,17.56782171,63.36182463,14.12205011,63.33428954,2,2,0,5,6,7,8,198.0,267.0,3,4,19,14,3.0,Failed Return,1.0
307,34,1,00:21:50,39321,39324,6,short serve,1,29.03054305,108.97016808,32.67197027,91.56175502,18.42314617,43.04051436,33.03125085,27.41155339,-139.84689655,547.81822498,28.69279785,57.2552043,2,2,0,5,6,7,8,198.0,267.0,3,4,20,14,3.0,Failed Return,1.0
308,34,2,00:21:50,39324,39345,7,net shot,0,29.36628653,109.48648682,32.2410926,90.64766392,19.08648198,50.24871016,32.20007062,26.84936288,28.69279785,57.2552043,26.18069533,78.00414365,2,2,0,5,6,7,8,198.0,267.0,3,4,20,14,3.0,Failed Return,1.0
309,34,3,00:21:51,39345,39401,6,lift,0,30.82836949,110.01195351,33.51260229,91.11157334,28.45002464,50.32717887,28.40551511,27.92707816,26.18069533,78.00414365,6.89350871,3.27054047,2,2,0,5,6,7,8,198.0,267.0,3,4,20,14,3.0,Failed Return,1.0
310,34,4,00:21:53,39401,39429,8,net shot,0,17.3941971,105.34026362,36.77554543,104.47149375,22.61333442,35.97726295,-3.00407889,-0.54662669,6.89350871,3.27054047,20.15170909,77.12959214,2,2,0,5,6,7,8,198.0,267.0,3,4,20,14,3.0,Failed Return,1.0
311,35,1,00:22:07,39829,39834,5,,0,-139.84689655,547.81822498,-139.84689655,547.81822498,-139.84689655,547.81822498,-139.84689655,547.81822498,-139.84689655,547.81822498,-139.84689655,547.81822498,2,2,1,5,6,7,8,198.0,267.0,3,4,21,14,3.0,Net Fault ,1.0
312,35,2,00:22:07,39834,39840,8,net shot,1,35.70531887,112.12430999,32.13926092,91.10172453,29.97973728,30.48385954,39.56140758,53.48930797,-139.84689655,547.81822498,34.00191946,81.42794784,2,1,0,5,6,7,8,198.0,267.0,3,4,21,14,3.0,Net Fault ,1.0
313,35,3,00:22:08,39840,39849,6,push,1,34.65358107,110.03723861,31.4974212,89.73696778,29.47609109,31.62766727,37.3139807,55.20853489,34.00191946,81.42794784,33.74626735,58.01013386,1,2,0,5,6,7,8,198.0,267.0,3,4,21,14,3.0,Net Fault ,1.0
314,35,4,00:22:08,39849,39868,8,drive,0,33.67334687,112.63543353,29.9183823,85.72011962,28.3986331,29.05013145,33.69234626,54.48063192,33.74626735,58.01013386,27.70068633,64.56725042,2,2,0,5,6,7,8,198.0,267.0,3,4,21,14,3.0,Net Fault ,1.0
315,36,1,00:24:10,43527,43527,5,,0,-139.84689655,547.81822498,-139.84689655,547.81822498,-139.84689655,547.81822498,-139.84689655,547.81822498,-139.84689655,547.81822498,-139.84689655,547.81822498,2,0,1,5,6,7,8,198.0,267.0,3,4,0,1,3.0,,2.0
316,37,1,00:24:30,44103,44128,5,short serve,1,28.75372836,43.12929378,30.29726636,22.75658707,29.59236896,107.44183456,42.37653361,93.46991657,-139.84689655,547.81822498,31.35485636,65.35122839,2,2,0,5,6,7,8,198.0,267.0,3,4,1,1,3.0,Net Fault ,2.0
317,38,1,00:24:45,44564,44579,8,short serve,1,18.68811199,43.04279144,31.40008667,30.21131008,27.89626841,111.0293947,33.73618038,92.02700011,-139.84689655,547.81822498,27.79491914,52.70304595,2,2,0,5,6,7,8,198.0,267.0,3,4,2,1,3.0,Out of Bounds,2.0
318,38,2,00:24:45,44579,44591,5,net shot,0,20.1007302,45.30123047,31.73671309,30.49961839,28.68851637,110.5153429,33.21168341,92.48232623,27.79491914,52.70304595,27.30227318,76.77126382,2,1,0,5,6,7,8,198.0,267.0,3,4,2,1,3.0,Out of Bounds,2.0
319,38,3,00:24:46,44591,44610,8,net shot,0,21.87879545,54.03534545,30.64387422,29.07036426,29.3633622,111.56003998,32.93540813,86.62266276,27.30227318,76.77126382,46.9325216,48.47745838,1,2,0,5,6,7,8,198.0,267.0,3,4,2,1,3.0,Out of Bounds,2.0
320,38,4,00:24:47,44610,44643,6,push,0,20.53771472,47.92344975,42.76634216,34.96283504,31.39095506,110.01567226,31.79428459,87.05659296,46.9325216,48.47745838,-2.05522037,129.59957298,2,2,0,5,6,7,8,198.0,267.0,3,4,2,1,3.0,Out of Bounds,2.0
321,39,1,00:25:01,45033,45046,8,short serve,1,30.22811139,29.06661765,38.93735329,44.17392295,32.95036513,108.48386807,28.64534028,92.91034611,-139.84689655,547.81822498,33.88261506,54.83075798,2,2,0,5,6,7,8,198.0,267.0,3,4,2,2,4.0,Net Fault ,2.0
322,39,2,00:25:01,45046,45069,6,net shot,1,30.80893792,28.7900572,39.05875057,47.42046218,33.39219104,107.97618104,31.29407215,91.09566332,33.88261506,54.83075798,50.74814972,93.06765232,2,2,0,5,6,7,8,198.0,267.0,3,4,2,2,4.0,Net Fault ,2.0
323,39,3,00:25:02,45069,45113,7,lift,1,33.24935806,25.48404558,37.31378621,49.06109433,42.62306185,107.02183693,35.77397941,83.15413506,50.74814972,93.06765232,51.05010672,7.78854941,2,1,0,5,6,7,8,198.0,267.0,3,4,2,2,4.0,Net Fault ,2.0
324,39,4,00:25:03,45113,45124,5,smash,0,45.63930629,5.89969424,36.01058049,30.82390963,46.31403069,115.90077786,26.07707727,112.06126043,51.05010672,7.78854941,38.40845617,111.61941113,1,2,0,5,6,7,8,198.0,267.0,3,4,2,2,4.0,Net Fault ,2.0
325,39,5,00:25:04,45124,45155,7,lift,1,46.8853665,2.11496196,33.87859553,33.41087031,44.78729113,112.70803913,26.88000454,111.02270833,38.40845617,111.61941113,21.1488589,20.81970971,2,1,0,5,6,7,8,198.0,267.0,3,4,2,2,4.0,Net Fault ,2.0
326,39,6,00:25:05,45155,45166,5,smash,0,22.70289029,22.42016746,24.47674463,40.88724867,39.45804902,112.67322405,18.13975598,115.18397969,21.1488589,20.81970971,9.87233078,117.28371407,1,2,0,5,6,7,8,198.0,267.0,3,4,2,2,4.0,Net Fault ,2.0
327,39,7,00:25:05,45166,45193,8,drive,1,18.54101051,23.18355439,22.16224971,42.12253738,40.19081086,114.26161999,14.21070033,120.59631791,9.87233078,117.28371407,12.33309365,71.79883249,2,2,0,5,6,7,8,198.0,267.0,3,4,2,2,4.0,Net Fault ,2.0
328,40,1,00:25:24,45742,45750,6,short serve,1,29.23443815,27.37714942,32.13194526,45.72799772,32.93996534,107.464217,22.28780491,91.94520939,-139.84689655,547.81822498,28.08830796,79.69108336,2,2,0,5,6,7,8,198.0,267.0,3,4,2,3,4.0,Net Fault ,2.0
329,40,2,00:25:25,45750,45774,8,net shot,1,25.95099897,26.2405725,29.99191221,46.3607353,31.45663513,101.47530063,22.12147994,94.25466984,28.08830796,79.69108336,27.04995144,71.91273461,2,2,0,5,6,7,8,198.0,267.0,3,4,2,3,4.0,Net Fault ,2.0
330,41,1,00:25:41,46235,46242,6,short serve,1,31.63489706,28.23600586,29.10314087,44.41049614,41.75030083,91.17064934,28.46083298,111.03310917,-139.84689655,547.81822498,32.45003926,79.30387722,2,2,0,5,6,7,8,198.0,267.0,3,4,3,3,3.0,Net Fault ,2.0
331,41,2,00:25:41,46242,46253,7,push,0,31.4610794,27.11965155,29.9921628,46.68751482,41.70696089,87.57237153,29.25757274,107.43959607,32.45003926,79.30387722,28.81928524,27.9308206,2,1,0,5,6,7,8,198.0,267.0,3,4,3,3,3.0,Net Fault ,2.0
332,41,3,00:25:41,46253,46277,5,net shot,1,30.71357177,25.73457762,29.54745869,43.77353165,40.1267289,87.11734782,30.93899543,109.49690668,28.81928524,27.9308206,11.9708378,92.33086441,1,1,0,5,6,7,8,198.0,267.0,3,4,3,3,3.0,Net Fault ,2.0
333,41,4,00:25:42,46277,46296,8,push,0,28.10568332,23.80891595,28.56587417,45.37341464,37.97092405,95.77017246,19.83840931,101.88508347,11.9708378,92.33086441,4.23270192,29.11507407,1,1,0,5,6,7,8,198.0,267.0,3,4,3,3,3.0,Net Fault ,2.0
334,41,5,00:25:43,46296,46323,5,net shot,1,16.49706102,23.43332046,28.9370536,41.23842069,37.50122195,106.98751459,14.57031137,106.32797756,4.23270192,29.11507407,7.77602949,65.92387412,1,2,0,5,6,7,8,198.0,267.0,3,4,3,3,3.0,Net Fault ,2.0
335,42,1,00:25:57,46719,46727,7,short serve,1,30.64284015,28.78855904,20.38054572,44.98018334,32.57049776,92.01867211,29.81592838,116.33159312,-139.84689655,547.81822498,25.55816368,54.76209819,2,2,0,5,6,7,8,198.0,267.0,3,4,4,3,3.0,Opp Grounded within Boundaries,2.0
336,42,2,00:25:57,46727,46748,6,net shot,0,30.64595001,29.6360615,22.35976778,50.27614107,31.28479967,89.28486635,30.39102476,116.8741426,25.55816368,54.76209819,38.30793456,103.98458971,2,2,0,5,6,7,8,198.0,267.0,3,4,4,3,3.0,Opp Grounded within Boundaries,2.0
337,42,3,00:25:58,46748,46785,8,lift,1,29.23304521,27.93456295,29.44586409,53.06064326,24.30243471,91.95960253,32.38207878,107.4604869,38.30793456,103.98458971,53.39789386,10.62783914,2,1,0,5,6,7,8,198.0,267.0,3,4,4,3,3.0,Opp Grounded within Boundaries,2.0
338,42,4,00:25:59,46785,46794,5,smash,0,48.28651032,10.57894865,44.38486288,34.97714241,25.83715997,113.11055809,48.3950541,114.31483142,53.39789386,10.62783914,51.77523341,113.80728755,1,2,0,5,6,7,8,198.0,267.0,3,4,4,3,3.0,Opp Grounded within Boundaries,2.0
339,42,5,00:25:59,46794,46808,8,drive,1,55.79125496,7.83429504,40.93327471,37.64558968,27.6524629,113.65045189,49.02881627,119.16624471,51.77523341,113.80728755,57.45996205,39.93176667,2,1,0,5,6,7,8,198.0,267.0,3,4,4,3,3.0,Opp Grounded within Boundaries,2.0
340,42,6,00:26:00,46808,46821,6,push,0,47.19626815,9.38546554,47.20623689,39.84259917,26.72593144,115.23939699,48.13481601,119.7084291,57.45996205,39.93176667,44.87535048,112.184359,1,2,0,5,6,7,8,198.0,267.0,3,4,4,3,3.0,Opp Grounded within Boundaries,2.0
341,42,7,00:26:00,46821,46839,8,drive,1,36.43805326,14.83909524,52.3622232,37.44286305,27.75597866,115.24604517,50.11589893,118.08311159,44.87535048,112.184359,22.59166403,33.89793572,2,1,0,5,6,7,8,198.0,267.0,3,4,4,3,3.0,Opp Grounded within Boundaries,2.0
342,42,8,00:26:01,46839,46858,5,net shot,1,24.12951099,26.77610051,47.69832936,28.38116209,26.56827373,108.44138968,46.62970936,111.15264878,22.59166403,33.89793572,29.61278757,77.61509359,1,2,0,5,6,7,8,198.0,267.0,3,4,4,3,3.0,Opp Grounded within Boundaries,2.0
343,42,9,00:26:01,46858,46902,7,lift,1,22.38644539,40.55734702,34.76560326,20.16139971,30.45086823,92.00352883,44.32959791,92.10268274,29.61278757,77.61509359,11.19224427,9.03982198,2,1,0,5,6,7,8,198.0,267.0,3,4,4,3,3.0,Opp Grounded within Boundaries,2.0
344,42,10,00:26:03,46902,46913,6,smash,0,22.87713358,38.70762604,6.66356072,5.97814281,14.27088146,107.84862234,36.09497116,109.01708063,11.19224427,9.03982198,11.90481276,104.30297744,1,2,0,5,6,7,8,198.0,267.0,3,4,4,3,3.0,Opp Grounded within Boundaries,2.0
345,42,11,00:26:03,46913,46937,7,net shot,1,23.23838206,35.08722019,6.62509033,2.38037351,12.28585539,107.32612107,35.49659984,106.97408127,11.90481276,104.30297744,9.98589881,52.55506021,2,2,0,5,6,7,8,198.0,267.0,3,4,4,3,3.0,Opp Grounded within Boundaries,2.0
346,42,12,00:26:04,46937,46974,5,lift,1,10.74861864,41.70896555,19.79372576,15.42906584,15.21423841,106.83816563,31.96794886,112.0998362,9.98589881,52.55506021,47.74757242,125.28989796,2,1,0,5,6,7,8,198.0,267.0,3,4,4,3,3.0,Opp Grounded within Boundaries,2.0
347,42,13,00:26:05,46974,46984,8,smash,0,18.63689412,26.17405725,45.52143025,29.20443217,26.03919832,115.23496464,47.75508748,127.57854103,47.74757242,125.28989796,51.20627949,33.27248636,1,2,0,5,6,7,8,198.0,267.0,3,4,4,3,3.0,Opp Grounded within Boundaries,2.0
348,42,14,00:26:06,46984,47000,6,drive,1,21.4719595,25.10358602,43.92549139,28.90836564,32.61452583,108.48163277,51.34966161,129.92123718,51.20627949,33.27248636,30.03416844,101.46553751,2,1,0,5,6,7,8,198.0,267.0,3,4,4,3,3.0,Opp Grounded within Boundaries,2.0
349,42,15,00:26:06,47000,47010,7,push,0,22.59074739,25.934961,45.26708017,26.69177242,30.03682118,104.92487357,51.20961671,124.17899811,30.03416844,101.46553751,19.24567328,23.7276978,1,2,0,5,6,7,8,198.0,267.0,3,4,4,3,3.0,Opp Grounded within Boundaries,2.0
350,43,1,00:26:24,47532,47545,7,short serve,1,39.53175889,43.54011553,28.31912402,28.48647652,29.70804165,94.77476802,31.65611897,116.88224737,-139.84689655,547.81822498,37.18094039,53.8152524,2,2,0,5,6,7,8,198.0,267.0,3,4,4,4,4.0,Net Fault ,2.0
351,43,2,00:26:24,47545,47565,5,net shot,1,38.64106007,45.78343979,28.40722509,27.64803267,32.22595524,88.84250958,32.78076956,114.21355963,37.18094039,53.8152524,54.90600671,107.61108467,2,2,0,5,6,7,8,198.0,267.0,3,4,4,4,4.0,Net Fault ,2.0
352,43,3,00:26:25,47565,47583,8,drive,1,37.07894439,53.46873043,32.7836587,27.40930989,39.91345273,84.04902187,44.20532067,107.53953856,54.90600671,107.61108467,51.94968567,26.20219385,2,1,0,5,6,7,8,198.0,267.0,3,4,4,4,4.0,Net Fault ,2.0
353,43,4,00:26:26,47583,47609,6,net shot,0,31.59683769,45.72343988,42.57968245,24.21121759,32.83477771,97.15106125,48.62834447,110.6468414,51.94968567,26.20219385,10.32985482,94.63792049,1,2,0,5,6,7,8,198.0,267.0,3,4,4,4,4.0,Net Fault ,2.0
354,43,5,00:26:26,47609,47647,8,net shot,0,26.08042752,39.04255131,49.01234824,23.46336568,21.03202811,114.13735914,46.03431715,112.71618575,10.32985482,94.63792049,50.48629249,68.9521104,2,2,0,5,6,7,8,198.0,267.0,3,4,4,4,4.0,Net Fault ,2.0
355,44,1,00:27:06,48791,48808,5,short serve,0,-139.84689655,547.81822498,-139.84689655,547.81822498,-139.84689655,547.81822498,-139.84689655,547.81822498,-139.84689655,547.81822498,-139.84689655,547.81822498,2,2,0,5,6,7,8,198.0,267.0,3,4,5,4,3.0,Net Fault ,2.0
356,44,2,00:27:06,48808,48848,7,,0,-139.84689655,547.81822498,-139.84689655,547.81822498,-139.84689655,547.81822498,-139.84689655,547.81822498,-139.84689655,547.81822498,-139.84689655,547.81822498,2,2,0,5,6,7,8,198.0,267.0,3,4,5,4,3.0,Net Fault ,2.0
357,44,3,00:27:08,48848,48874,6,drive,1,33.28668654,45.41367006,29.00244315,23.01182727,19.17306615,90.10022309,32.48921948,106.95392829,-139.84689655,547.81822498,30.96299599,63.84258413,2,2,0,5,6,7,8,198.0,267.0,3,4,5,4,3.0,Net Fault ,2.0
358,45,1,00:27:37,49725,49739,8,short serve,1,30.81141808,29.3543633,20.0384063,42.4201233,27.23593096,108.95825065,33.84849541,92.48686714,-139.84689655,547.81822498,28.2148378,59.04308938,2,2,0,5,6,7,8,198.0,267.0,3,4,5,5,4.0,Net Fault ,2.0
359,45,2,00:27:37,49739,49751,6,net shot,0,30.64803609,30.20455834,21.58574053,48.92866401,27.34401657,109.47308843,33.37345432,88.40306644,28.2148378,59.04308938,30.43019651,82.68428582,2,2,0,5,6,7,8,198.0,267.0,3,4,5,5,4.0,Net Fault ,2.0
360,45,3,00:27:38,49751,49763,8,net shot,0,29.89560787,29.34611822,24.27045693,54.40282306,28.68290903,112.07832445,34.5173243,87.96501309,30.43019651,82.68428582,36.95776662,52.43631619,2,2,0,5,6,7,8,198.0,267.0,3,4,5,5,4.0,Net Fault ,2.0
361,45,4,00:27:38,49763,49772,6,net shot,0,29.48247406,27.10170656,30.3629795,52.38144909,28.92422173,106.93003862,42.12486216,92.54588332,36.95776662,52.43631619,40.15025869,90.7044906,2,1,0,5,6,7,8,198.0,267.0,3,4,5,5,4.0,Net Fault ,2.0
362,45,5,00:27:39,49772,49793,8,push,0,31.81042701,29.36335742,31.82871079,52.39364363,24.31643015,102.89945381,44.14689358,94.87673428,40.15025869,90.7044906,27.96533521,68.00100162,1,2,0,5,6,7,8,198.0,267.0,3,4,5,5,4.0,Net Fault ,2.0
363,46,1,00:27:53,50192,50192,6,,0,-139.84689655,547.81822498,-139.84689655,547.81822498,-139.84689655,547.81822498,-139.84689655,547.81822498,-139.84689655,547.81822498,-139.84689655,547.81822498,2,0,1,5,6,7,8,198.0,267.0,3,4,5,6,3.0,,2.0
364,47,1,00:28:09,50682,50688,6,short serve,1,29.06933993,27.37565342,31.84818871,43.79326025,21.61624671,97.07262029,35.08594844,109.01038004,-139.84689655,547.81822498,28.58870563,81.38757153,2,2,0,5,6,7,8,198.0,267.0,3,4,6,6,3.0,Opp Grounded within Boundaries,2.0
365,47,2,00:28:09,50688,50703,7,net shot,1,27.01908579,26.25028579,31.51443177,46.70043675,23.05125965,91.03655065,33.97860682,110.03277695,28.58870563,81.38757153,28.2856468,63.07477879,2,2,0,5,6,7,8,198.0,267.0,3,4,6,6,3.0,Opp Grounded within Boundaries,2.0
366,47,3,00:28:10,50703,50716,6,net shot,1,26.84757999,26.80077441,33.76303158,53.09647313,29.08975356,85.27580681,34.31609733,110.0350078,28.2856468,63.07477879,30.51654108,76.38438968,2,1,0,5,6,7,8,198.0,267.0,3,4,6,6,3.0,Opp Grounded within Boundaries,2.0
367,47,4,00:28:10,50716,50727,7,net shot,1,28.65938251,26.81722147,33.82873048,57.29718938,30.7480653,85.7262017,34.54899317,110.55399138,30.51654108,76.38438968,20.29974764,59.34024718,1,2,0,5,6,7,8,198.0,267.0,3,4,6,6,3.0,Opp Grounded within Boundaries,2.0
368,47,5,00:28:10,50727,50747,6,net shot,1,25.91314893,28.46475508,31.72407754,50.69202072,29.60693972,86.15741622,33.64110956,110.03054605,20.29974764,59.34024718,9.36806227,110.90749093,2,2,0,5,6,7,8,198.0,267.0,3,4,6,6,3.0,Opp Grounded within Boundaries,2.0
369,47,6,00:28:11,50747,50763,8,drive,0,23.8926979,29.57531845,23.59178206,48.28046865,29.18669875,88.37270513,22.65357409,113.08980994,9.36806227,110.90749093,6.25269491,24.96468555,2,2,0,5,6,7,8,198.0,267.0,3,4,6,6,3.0,Opp Grounded within Boundaries,2.0
370,47,7,00:28:12,50763,50780,5,drive,1,17.23371285,24.792464,24.11106515,45.33542749,29.92395851,99.52302321,18.1242112,112.53385355,6.25269491,24.96468555,7.10878709,107.80084384,2,1,0,5,6,7,8,198.0,267.0,3,4,6,6,3.0,Opp Grounded within Boundaries,2.0
371,47,8,00:28:12,50780,50805,8,net shot,0,11.34995296,21.7842519,25.28753341,39.65199177,21.09727387,89.21126003,18.70891332,108.90162552,7.10878709,107.80084384,9.86241014,49.4988818,1,2,0,5,6,7,8,198.0,267.0,3,4,6,6,3.0,Opp Grounded within Boundaries,2.0
372,47,9,00:28:13,50805,50863,5,lift,1,11.17844766,34.09162069,34.64063077,29.38883785,26.37069042,87.46075111,25.02523753,114.16325847,9.86241014,49.4988818,56.31049998,121.96997517,2,1,0,5,6,7,8,198.0,267.0,3,4,6,6,3.0,Opp Grounded within Boundaries,2.0
373,47,10,00:28:15,50863,50876,8,smash,0,23.19114102,27.87991551,46.11683352,23.70507615,40.3511614,102.51639234,58.36951849,128.22021499,56.31049998,121.96997517,48.6586169,26.99876914,1,2,0,5,6,7,8,198.0,267.0,3,4,6,6,3.0,Opp Grounded within Boundaries,2.0
374,47,11,00:28:15,50876,50903,6,lift,1,22.45510278,27.59414801,47.57618837,23.71846545,38.04701704,102.50064483,58.53900537,128.8002904,48.6586169,26.99876914,15.88630972,122.27482778,2,1,0,5,6,7,8,198.0,267.0,3,4,6,6,3.0,Opp Grounded within Boundaries,2.0
375,47,12,00:28:16,50903,50915,8,smash,0,16.62988112,25.33250051,42.03241465,26.11192422,27.67491347,94.7604102,28.522369,124.03848327,15.88630972,122.27482778,20.00917654,28.69264573,1,2,0,5,6,7,8,198.0,267.0,3,4,6,6,3.0,Opp Grounded within Boundaries,2.0
376,47,13,00:28:17,50915,50933,5,net shot,1,15.49564315,26.42127126,37.09255519,28.00565016,27.97568617,98.06946809,20.36845114,121.1890637,20.00917654,28.69264573,15.63338386,89.17178265,2,2,0,5,6,7,8,198.0,267.0,3,4,6,6,3.0,Opp Grounded within Boundaries,2.0
377,47,14,00:28:17,50933,50950,7,net shot,0,16.18669426,27.25892023,34.58014576,34.59431124,26.71176714,94.75360852,25.41485171,119.01648596,15.63338386,89.17178265,9.06636635,48.15787795,2,1,0,5,6,7,8,198.0,267.0,3,4,6,6,3.0,Opp Grounded within Boundaries,2.0
378,47,15,00:28:18,50950,50962,6,push,1,15.62165618,28.37184225,21.61860687,47.93258282,25.09894793,95.2101804,27.07391146,114.70819365,9.06636635,48.15787795,8.70415941,114.05740252,1,1,0,5,6,7,8,198.0,267.0,3,4,6,6,3.0,Opp Grounded within Boundaries,2.0
379,47,16,00:28:18,50962,50995,8,drive,0,18.84571253,28.68215154,9.83349011,55.68456761,25.58133409,91.51100105,22.33819973,116.82255258,8.70415941,114.05740252,57.85403994,8.08600311,1,2,0,5,6,7,8,198.0,267.0,3,4,6,6,3.0,Opp Grounded within Boundaries,2.0
380,48,1,00:28:39,51589,51605,7,short serve,1,30.31126478,29.06736698,39.68471893,45.14497951,29.81498422,93.3806879,32.11219747,116.34634076,-139.84689655,547.81822498,36.36758392,58.03150702,2,2,0,5,6,7,8,198.0,267.0,3,4,7,6,3.0,Judgment Error,2.0
381,48,2,00:28:40,51605,51620,6,net shot,1,31.05808152,28.79230442,37.07191465,50.06298795,31.93463689,92.01412933,32.44314671,114.74293299,36.36758392,58.03150702,32.59328083,83.56211842,2,2,0,5,6,7,8,198.0,267.0,3,4,7,6,3.0,Judgment Error,2.0
382,48,3,00:28:40,51620,51641,7,lift,1,30.80893792,28.7900572,36.65651869,54.85363704,28.43051194,93.37085356,31.74793893,113.14907997,32.59328083,83.56211842,29.15029403,27.93381449,2,1,0,5,6,7,8,198.0,267.0,3,4,7,6,3.0,Judgment Error,2.0
383,48,4,00:28:41,51641,51652,5,smash,0,26.3743204,25.4213554,30.16549174,42.82397157,17.32067947,109.92266607,35.76854103,109.52890446,29.15029403,27.93381449,30.26809009,111.56597853,1,2,0,5,6,7,8,198.0,267.0,3,4,7,6,3.0,Judgment Error,2.0
384,48,5,00:28:41,51652,51695,8,lift,1,27.24864224,20.61403815,28.94152129,39.9931013,17.19459914,113.05423257,36.07659933,113.70522192,30.26809009,111.56597853,11.63858994,1.5497724,2,2,0,5,6,7,8,198.0,267.0,3,4,7,6,3.0,Judgment Error,2.0
385,49,1,00:28:59,52180,52196,7,short serve,1,18.62900406,42.4079846,30.72702555,29.07111358,32.16512677,94.32573641,28.6676765,116.32421854,-139.84689655,547.81822498,32.41733295,56.22255142,2,2,0,5,6,7,8,198.0,267.0,3,4,7,7,4.0,Opp Grounded within Boundaries,2.0
386,49,2,00:28:59,52196,52212,5,push,0,20.21635415,49.2510472,31.22943739,29.64130976,33.23868146,94.79970118,29.01483978,115.25417017,32.41733295,56.22255142,49.93187955,116.99933013,2,2,0,5,6,7,8,198.0,267.0,3,4,7,7,4.0,Opp Grounded within Boundaries,2.0
387,49,3,00:29:00,52212,52230,8,drive,1,27.19119155,57.9566864,31.47331265,28.79604972,36.76858173,94.82462911,31.51487798,112.09686931,49.93187955,116.99933013,53.42858917,27.04206966,2,1,0,5,6,7,8,198.0,267.0,3,4,7,7,4.0,Opp Grounded within Boundaries,2.0
388,49,4,00:29:01,52230,52244,6,drive,0,29.26650777,51.00978986,42.48854602,26.94275889,31.79455923,102.95045326,46.20595169,111.67059315,53.42858917,27.04206966,34.42090009,109.51997577,1,2,0,5,6,7,8,198.0,267.0,3,4,7,7,4.0,Opp Grounded within Boundaries,2.0
389,49,5,00:29:01,52244,52262,7,net shot,1,27.52388055,42.48459311,46.78739849,27.2586538,26.33855325,108.95229146,46.74249833,111.15339086,34.42090009,109.51997577,46.28304431,61.00577291,2,2,0,5,6,7,8,198.0,267.0,3,4,7,7,4.0,Opp Grounded within Boundaries,2.0
390,49,6,00:29:02,52262,52272,6,push,0,24.01424539,34.79707055,40.60578669,43.86835609,25.26106238,113.63490405,47.44358292,109.60625653,46.28304431,61.00577291,33.58441569,105.44948329,2,2,0,5,6,7,8,198.0,267.0,3,4,7,7,4.0,Opp Grounded within Boundaries,2.0
391,49,7,00:29:02,52272,52284,7,drive,1,26.40261209,29.03214447,38.90346097,48.07863227,25.9028001,107.92621914,46.31893234,111.67133474,33.58441569,105.44948329,43.02057838,51.1247765,2,1,0,5,6,7,8,198.0,267.0,3,4,7,7,4.0,Opp Grounded within Boundaries,2.0
392,49,8,00:29:02,52284,52294,6,push,0,27.93190126,25.16254346,41.75629199,49.43220039,26.99761545,110.50419181,47.31064874,113.25050566,43.02057838,51.1247765,37.62880758,99.09492073,1,2,0,5,6,7,8,198.0,267.0,3,4,7,7,4.0,Opp Grounded within Boundaries,2.0
393,50,1,00:29:22,52885,52888,5,short serve,1,29.1049746,43.76973737,30.70808095,24.37285425,42.42327423,92.08906338,27.89626841,111.0293947,-139.84689655,547.81822498,33.76770218,79.31378805,2,2,0,5,6,7,8,198.0,267.0,3,4,7,8,4.0,Failed Return,2.0
394,50,2,00:29:22,52888,52901,7,net shot,0,29.72319575,47.67079153,30.62962501,25.18716456,41.78096066,89.3607026,28.92422173,106.93003862,33.76770218,79.31378805,31.52053241,61.25308125,2,2,0,5,6,7,8,198.0,267.0,3,4,7,8,4.0,Failed Return,2.0
395,50,3,00:29:23,52901,52912,5,net shot,0,27.64367982,48.97967193,30.79913808,26.56031773,36.8717168,81.87563589,30.83698311,112.61690402,31.52053241,61.25308125,24.53103567,91.04716274,2,2,0,5,6,7,8,198.0,267.0,3,4,7,8,4.0,Failed Return,2.0
396,50,4,00:29:23,52912,52931,7,push,0,27.35939412,50.31803913,29.07023538,27.09796776,30.22756202,84.41173404,30.3754261,108.46672961,24.53103567,91.04716274,13.49745603,33.81730574,2,1,0,5,6,7,8,198.0,267.0,3,4,7,8,4.0,Failed Return,2.0
397,50,5,00:29:24,52931,52940,6,drive,1,27.0294225,47.3185842,18.61066103,30.09648952,37.10388911,91.13732797,29.03182346,108.45778676,13.49745603,33.81730574,36.65997492,90.22610025,1,1,0,5,6,7,8,198.0,267.0,3,4,7,8,4.0,Failed Return,2.0
398,50,6,00:29:24,52940,52949,7,push,0,28.14665974,41.54495175,13.99998434,27.79678391,38.97093705,93.44572554,27.32754686,111.54667708,36.65997492,90.22610025,28.78478463,57.61232399,1,2,0,5,6,7,8,198.0,267.0,3,4,7,8,4.0,Failed Return,2.0
399,51,1,00:29:42,53466,53476,5,short serve,1,31.32525691,45.07361632,28.43402648,23.27439968,32.25832926,105.94282825,22.97649142,94.26071971,-139.84689655,547.81822498,23.39304558,85.23397244,2,2,0,5,6,7,8,198.0,267.0,3,4,7,9,4.0,Out of Bounds,2.0
400,51,2,00:29:42,53476,53489,8,net shot,1,29.7230895,48.00106215,28.02655711,23.53910136,31.5921383,105.93834404,20.69713762,91.93384517,23.39304558,85.23397244,10.71852995,50.17858473,2,2,0,5,6,7,8,198.0,267.0,3,4,7,9,4.0,Out of Bounds,2.0
401,51,3,00:29:42,53489,53507,5,net shot,1,23.99617237,50.28985453,21.84234193,26.20320793,28.70319839,106.4228965,20.86548678,86.53449824,10.71852995,50.17858473,8.26373467,107.29922868,2,2,0,5,6,7,8,198.0,267.0,3,4,7,9,4.0,Out of Bounds,2.0
402,51,4,00:29:43,53507,53529,7,drive,0,15.51169194,47.5505713,15.95578468,26.97902607,21.87093501,112.55833029,24.31695354,85.67905777,8.26373467,107.29922868,51.37611834,26.19697309,2,2,0,5,6,7,8,198.0,267.0,3,4,7,9,4.0,Out of Bounds,2.0
403,51,5,00:29:44,53529,53559,6,lift,0,20.52719288,41.16567551,33.13923159,23.58600916,11.24974384,107.82846826,33.86361297,101.49182094,51.37611834,26.19697309,53.54588302,120.84385433,2,1,0,5,6,7,8,198.0,267.0,3,4,7,9,4.0,Out of Bounds,2.0
404,51,6,00:29:45,53559,53576,8,smash,0,25.18551211,23.51303532,50.28491684,17.22443057,30.2649953,109.49244115,50.11589893,118.08311159,53.54588302,120.84385433,61.47672576,11.18188786,1,2,0,5,6,7,8,198.0,267.0,3,4,7,9,4.0,Out of Bounds,2.0
405,52,1,00:30:37,55114,55121,5,short serve,1,28.92797771,43.76821964,29.73078093,24.09353678,42.45630635,95.33251603,28.58796037,107.43511896,-139.84689655,547.81822498,31.94966241,80.14130786,2,2,0,5,6,7,8,198.0,267.0,3,4,7,10,4.0,Opp Grounded within Boundaries,2.0
406,52,2,00:30:37,55121,55133,7,net shot,0,29.45346863,47.66850981,29.89381497,24.90811025,41.52080337,90.71433785,29.59202051,107.95083001,31.94966241,80.14130786,48.46340905,48.49037867,2,2,0,5,6,7,8,198.0,267.0,3,4,7,10,4.0,Opp Grounded within Boundaries,2.0
407,52,3,00:30:37,55133,55157,5,net shot,0,33.14381245,48.02996576,33.08968172,25.75622494,37.10112414,78.9202184,31.15243369,106.94497025,48.46340905,48.49037867,47.92204661,90.30716875,2,2,0,5,6,7,8,198.0,267.0,3,4,7,10,4.0,Opp Grounded within Boundaries,2.0
408,52,4,00:30:38,55157,55196,8,lift,1,35.7938169,49.71671022,37.38624743,26.8964416,24.47265717,94.27130624,41.6016298,106.50952462,47.92204661,90.30716875,53.9266153,13.2827765,2,1,0,5,6,7,8,198.0,267.0,3,4,7,10,4.0,Opp Grounded within Boundaries,2.0
409,52,5,00:30:39,55196,55227,6,drop,0,36.39459766,32.55808497,44.98808731,10.30970346,28.23238403,111.55261635,50.74397655,115.39441539,53.9266153,13.2827765,3.71505588,83.78179194,1,2,0,5,6,7,8,198.0,267.0,3,4,7,10,4.0,Opp Grounded within Boundaries,2.0
410,52,6,00:30:40,55227,55271,7,lift,0,25.12822066,43.41646977,34.61766868,10.21043702,19.17306615,90.10022309,40.05240196,110.07292546,3.71505588,83.78179194,47.06917329,12.48828317,2,1,0,5,6,7,8,198.0,267.0,3,4,7,10,4.0,Opp Grounded within Boundaries,2.0
411,52,7,00:30:42,55271,55283,6,smash,0,34.10035451,31.66898618,41.80311606,7.93124399,23.37907101,110.99967442,45.88862588,114.29857512,47.06917329,12.48828317,35.09473403,109.5244402,1,2,0,5,6,7,8,198.0,267.0,3,4,7,10,4.0,Opp Grounded within Boundaries,2.0
412,52,8,00:30:42,55283,55306,7,net shot,1,31.34126965,33.97551042,44.39471575,10.54172355,24.49961757,111.52811482,45.33606996,116.9698873,35.09473403,109.5244402,46.70618894,37.69615861,2,2,0,5,6,7,8,198.0,267.0,3,4,7,10,4.0,Opp Grounded within Boundaries,2.0
413,52,9,00:30:43,55306,55318,6,push,0,24.85273817,27.61585384,39.83746455,30.28705894,28.36475033,107.43362655,44.15525985,113.75774583,46.70618894,37.69615861,38.02031055,101.52035048,2,1,0,5,6,7,8,198.0,267.0,3,4,7,10,4.0,Opp Grounded within Boundaries,2.0
414,52,10,00:30:43,55318,55331,7,net shot,1,25.89261685,24.8715605,37.61188199,38.83616457,29.81533689,101.95341536,44.26901614,113.75848542,38.02031055,101.52035048,40.59859259,47.76279043,1,1,0,5,6,7,8,198.0,267.0,3,4,7,10,4.0,Opp Grounded within Boundaries,2.0
415,52,11,00:30:44,55331,55346,6,push,0,26.72044474,24.06596565,38.701869,42.58086528,32.6946223,93.86457993,40.13847167,112.67766914,40.59859259,47.76279043,6.26111818,116.18031383,1,2,0,5,6,7,8,198.0,267.0,3,4,7,10,4.0,Opp Grounded within Boundaries,2.0
416,53,1,00:31:13,56213,56219,5,short serve,1,31.40997601,44.43023325,28.68393908,21.94411116,32.043636,106.95094235,22.58325622,92.86720211,-139.84689655,547.81822498,28.59236722,80.53868137,2,2,0,5,6,7,8,198.0,267.0,3,4,8,10,3.0,Out of Bounds,2.0
417,53,2,00:31:13,56219,56240,8,net shot,1,28.34420615,24.62226132,30.17273136,47.67459432,31.79132221,102.45789075,20.90923526,91.93536047,28.59236722,80.53868137,7.91545923,34.35836684,2,2,0,5,6,7,8,198.0,267.0,3,4,8,10,3.0,Out of Bounds,2.0
418,53,3,00:31:14,56240,56260,5,lift,1,15.64302135,26.69906244,32.77189787,47.03872891,28.79956264,111.0353378,26.30949826,83.94859246,7.91545923,34.35836684,8.59894804,107.30146995,2,1,0,5,6,7,8,198.0,267.0,3,4,8,10,3.0,Out of Bounds,2.0
419,53,4,00:31:15,56260,56272,7,smash,0,13.81654161,23.40872721,36.97987501,29.69303287,17.7430228,113.58602506,25.90499709,91.057016,8.59894804,107.30146995,27.74093542,28.20081831,1,2,0,5,6,7,8,198.0,267.0,3,4,8,10,3.0,Out of Bounds,2.0
420,53,5,00:31:15,56272,56285,6,drive,1,14.24141538,23.1440722,37.03937277,26.34141136,12.02721656,109.88767565,27.88285468,95.69921167,27.74093542,28.20081831,22.58325622,92.86720211,2,1,0,5,6,7,8,198.0,267.0,3,4,8,10,3.0,Out of Bounds,2.0
421,53,6,00:31:16,56285,56307,8,net shot,0,15.84727727,23.42735882,36.79019254,23.61950602,14.95322652,105.32379676,31.00532985,98.09056603,22.58325622,92.86720211,13.25821875,44.91938135,1,2,0,5,6,7,8,198.0,267.0,3,4,8,10,3.0,Out of Bounds,2.0
422,53,7,00:31:16,56307,56338,6,lift,1,37.06047401,32.27376753,19.16109207,32.6956745,23.11510522,92.8709873,32.6006135,106.95467476,13.25821875,44.91938135,10.73578516,126.20344515,2,1,0,5,6,7,8,198.0,267.0,3,4,8,10,3.0,Out of Bounds,2.0
423,53,8,00:31:17,56338,56349,8,smash,0,37.50611209,28.00939068,14.19161202,21.54573351,18.50507296,93.76398217,16.59421743,127.96643481,10.73578516,126.20344515,7.12832175,21.21638805,1,2,0,5,6,7,8,198.0,267.0,3,4,8,10,3.0,Out of Bounds,2.0
424,53,9,00:31:18,56349,56364,6,drive,1,37.88994283,27.17795821,15.05437484,17.14809127,21.78080582,98.98500847,7.81530948,129.07499169,7.12832175,21.21638805,32.88898051,102.46539261,2,1,0,5,6,7,8,198.0,267.0,3,4,8,10,3.0,Out of Bounds,2.0
425,53,10,00:31:18,56364,56375,7,push,0,36.35857302,25.51239703,14.81719994,14.88356286,24.35193357,100.93866173,13.6148147,127.94833528,32.88898051,102.46539261,20.26530421,18.98930437,1,2,0,5,6,7,8,198.0,267.0,3,4,8,10,3.0,Out of Bounds,2.0
426,53,11,00:31:19,56375,56404,6,lift,1,37.49058685,20.4474765,19.28226544,14.67722612,27.17610659,102.91895627,22.37865222,125.13362669,20.26530421,18.98930437,52.11251506,120.28326515,2,1,0,5,6,7,8,198.0,267.0,3,4,8,10,3.0,Out of Bounds,2.0
427,53,12,00:31:20,56404,56416,8,smash,0,43.14965197,22.87481154,27.08138243,27.91510173,38.63362813,100.06627048,40.27121064,120.20855389,52.11251506,120.28326515,49.57844032,40.17237279,1,2,0,5,6,7,8,198.0,267.0,3,4,8,10,3.0,Out of Bounds,2.0
428,53,13,00:31:20,56416,56445,6,drive,0,45.6875886,20.00260363,37.37064013,36.70776789,40.81029355,100.08130423,50.84961136,125.87809848,49.57844032,40.17237279,64.59972401,125.39370637,2,2,0,5,6,7,8,198.0,267.0,3,4,8,10,3.0,Out of Bounds,2.0
429,54,1,00:31:44,57134,57147,8,short serve,1,38.86603151,42.26655781,27.83825543,26.53341536,32.16672968,108.4786523,28.96301474,93.37463609,-139.84689655,547.81822498,33.47252914,52.06534404,2,2,0,5,6,7,8,198.0,267.0,3,4,8,11,4.0,Out of Bounds,2.0
430,54,2,00:31:44,57147,57160,5,net shot,1,39.68471893,45.14497951,27.83825543,26.53341536,33.7470392,109.51551116,31.70773281,89.7384845,33.47252914,52.06534404,41.13755659,103.01417075,2,2,0,5,6,7,8,198.0,267.0,3,4,8,11,4.0,Out of Bounds,2.0
431,54,3,00:31:45,57160,57186,7,drive,1,37.92860118,54.1680552,30.55700886,27.94653786,35.63683863,108.5017489,33.04942167,87.50936024,41.13755659,103.01417075,8.04111273,29.43273918,2,2,0,5,6,7,8,198.0,267.0,3,4,8,11,4.0,Out of Bounds,2.0
432,54,4,00:31:46,57186,57230,6,lift,1,35.85325675,44.78983676,19.88190025,25.91030436,37.88864016,109.0289918,19.96404871,101.39642115,8.04111273,29.43273918,50.89390473,124.74217339,2,1,0,5,6,7,8,198.0,267.0,3,4,8,11,4.0,Out of Bounds,2.0
433,54,5,00:31:47,57230,57252,7,drop,0,46.50216696,23.44031527,21.76993058,25.92748971,52.1871175,128.18265761,35.05976583,107.47839025,50.89390473,124.74217339,37.75488531,48.73196071,1,2,0,5,6,7,8,198.0,267.0,3,4,8,11,4.0,Out of Bounds,2.0
434,54,6,00:31:48,57252,57286,6,lift,0,39.4436753,32.87620641,27.25151427,35.12266006,50.40331078,128.17182119,35.53237983,102.9759445,37.75488531,48.73196071,4.36058052,127.3141809,2,1,0,5,6,7,8,198.0,267.0,3,4,8,11,4.0,Out of Bounds,2.0
435,54,7,00:31:49,57286,57298,7,smash,0,37.14827606,27.17123165,16.97306961,25.06252635,18.54048212,126.82490181,25.00763065,100.9431716,4.36058052,127.3141809,18.55488094,29.52730671,1,2,0,5,6,7,8,198.0,267.0,3,4,8,11,4.0,Out of Bounds,2.0
436,54,8,00:31:49,57298,57317,6,net shot,1,36.52220002,25.51388907,14.02230167,23.94966561,9.27674917,126.76830882,26.16256443,104.89868017,18.55488094,29.52730671,48.06436278,92.58823604,2,1,0,5,6,7,8,198.0,267.0,3,4,8,11,4.0,Out of Bounds,2.0
437,54,9,00:31:50,57317,57327,8,push,1,37.20359014,26.34290477,25.23252966,29.30413635,10.89671251,119.47287222,35.28575648,101.50158184,48.06436278,92.58823604,38.83694182,43.85318836,1,2,0,5,6,7,8,198.0,267.0,3,4,8,11,4.0,Out of Bounds,2.0
438,54,10,00:31:50,57327,57336,6,drive,0,39.43207564,26.63875598,30.16082077,39.6943704,19.53850125,110.97440592,42.16370399,93.46840477,38.83694182,43.85318836,40.69441068,91.16307711,2,1,0,5,6,7,8,198.0,267.0,3,4,8,11,4.0,Out of Bounds,2.0
439,54,11,00:31:51,57336,57346,8,push,0,35.29495878,25.50269844,30.51251538,40.93951397,25.57437542,107.41496976,47.4607356,94.90013642,40.69441068,91.16307711,21.59993244,40.55052913,1,2,0,5,6,7,8,198.0,267.0,3,4,8,11,4.0,Out of Bounds,2.0
440,54,12,00:31:51,57346,57359,6,net shot,1,33.235527,19.36840414,26.01793988,37.514936,29.26643677,102.44063461,46.4975638,96.77293961,21.59993244,40.55052913,23.48395309,90.58474463,2,1,0,5,6,7,8,198.0,267.0,3,4,8,11,4.0,Out of Bounds,2.0
441,54,13,00:31:51,57359,57370,7,push,0,32.06803298,21.97532029,19.08993852,32.40390965,27.32243203,98.54341142,42.55142344,100.09332984,23.48395309,90.58474463,23.98041605,32.7385705,1,2,0,5,6,7,8,198.0,267.0,3,4,8,11,4.0,Out of Bounds,2.0
442,54,14,00:31:52,57370,57392,6,lift,1,34.17303337,22.52576786,17.0750449,26.15985362,24.80115923,93.80861869,37.89329292,104.97799025,23.98041605,32.7385705,21.33105023,120.08905328,2,1,0,5,6,7,8,198.0,267.0,3,4,8,11,4.0,Out of Bounds,2.0
443,54,15,00:31:53,57392,57417,8,drop,0,35.81668029,23.61057423,17.66958222,21.31376804,23.38367056,95.19809103,26.37093804,116.30946788,21.33105023,120.08905328,30.53138154,47.34824276,1,2,0,5,6,7,8,198.0,267.0,3,4,8,11,4.0,Out of Bounds,2.0
444,54,16,00:31:53,57417,57438,6,net shot,0,38.51463396,24.17398653,18.67849092,27.00371969,28.09755734,95.70072191,24.65806436,122.88929683,30.53138154,47.34824276,8.25252879,82.51971022,2,1,0,5,6,7,8,198.0,267.0,3,4,8,11,4.0,Out of Bounds,2.0
445,54,17,00:31:54,57438,57450,7,push,0,32.63874821,22.5116424,30.41011652,35.1505536,27.23346782,84.3896691,24.94316829,119.56172581,8.25252879,82.51971022,9.5918279,23.36996628,1,2,0,5,6,7,8,198.0,267.0,3,4,8,11,4.0,Out of Bounds,2.0
446,54,18,00:31:55,57450,57490,5,lift,1,26.33449164,22.72013494,31.02148365,37.86257279,16.26486481,78.34559211,25.17836387,111.53257005,9.5918279,23.36996628,12.6929965,125.07396354,2,1,0,5,6,7,8,198.0,267.0,3,4,8,11,4.0,Out of Bounds,2.0
447,54,19,00:31:56,57490,57513,8,drop,0,14.36661577,23.68297234,36.23003849,23.88339049,13.25252359,97.96693841,15.5216931,127.95991935,12.6929965,125.07396354,24.65927386,44.69416869,1,2,0,5,6,7,8,198.0,267.0,3,4,8,11,4.0,Out of Bounds,2.0
448,54,20,00:31:57,57513,57538,5,lift,0,15.65028559,36.21605702,37.60163529,30.83816679,27.3960616,102.92045633,22.37865222,125.13362669,24.65927386,44.69416869,43.57458463,126.97783741,2,1,0,5,6,7,8,198.0,267.0,3,4,8,11,4.0,Out of Bounds,2.0
449,54,21,00:31:57,57538,57550,7,smash,0,18.19254217,30.09273574,42.80488228,25.29828353,37.8064629,128.67469903,36.31632832,98.60591577,43.57458463,126.97783741,40.04999173,29.43753854,1,2,0,5,6,7,8,198.0,267.0,3,4,8,11,4.0,Out of Bounds,2.0
450,54,22,00:31:58,57550,57563,6,drive,1,20.68064101,26.46838178,43.22953933,25.57505009,38.83674607,99.58470964,43.38447831,125.26302152,40.04999173,29.43753854,24.53103567,91.04716274,2,1,0,5,6,7,8,198.0,267.0,3,4,8,11,4.0,Out of Bounds,2.0
451,54,23,00:31:58,57563,57584,7,net shot,0,20.44268961,24.27891769,42.73884894,25.57057572,30.88844305,95.72035337,54.9109605,121.96121393,24.53103567,91.04716274,26.39625956,47.64264778,1,2,0,5,6,7,8,198.0,267.0,3,4,8,11,4.0,Out of Bounds,2.0
452,54,24,00:31:59,57584,57604,5,net shot,0,17.07764573,36.83107819,33.41881086,31.08737513,26.32228638,91.51630471,43.5676863,118.58555779,26.39625956,47.64264778,22.99084364,76.32713642,2,1,0,5,6,7,8,198.0,267.0,3,4,8,11,4.0,Out of Bounds,2.0
453,54,25,00:32:00,57604,57617,7,push,0,28.3969759,43.76366633,32.06295574,29.64880696,23.07232212,90.12829136,32.14403457,120.70917244,22.99084364,76.32713642,45.12895007,25.86590754,1,2,0,5,6,7,8,198.0,267.0,3,4,8,11,4.0,Out of Bounds,2.0
454,54,26,00:32:00,57617,57636,6,net shot,0,28.91518316,47.33455496,30.37744175,22.49082357,21.92546573,89.667937,30.39303457,117.95739186,45.12895007,25.86590754,50.58442897,84.99703709,2,2,0,5,6,7,8,198.0,267.0,3,4,8,11,4.0,Out of Bounds,2.0
455,54,27,00:32:01,57636,57678,7,push,1,24.34685535,42.77391231,39.46737014,27.46987283,34.90178237,92.03532753,37.41661619,112.6598877,50.58442897,84.99703709,12.52665228,-2.72792772,2,2,0,5,6,7,8,198.0,267.0,3,4,8,11,4.0,Out of Bounds,2.0
456,55,1,00:33:23,60105,60116,6,short serve,1,31.61930151,26.29212065,29.27853436,45.37949165,42.58936054,93.47142835,28.69406784,108.96793366,-139.84689655,547.81822498,31.23364358,79.29472808,2,1,0,5,6,7,8,198.0,267.0,3,4,9,11,3.0,Out of Bounds,2.0
457,55,2,00:33:23,60116,60126,7,push,0,30.35622488,49.3363246,31.79325374,27.40033556,42.16225658,88.46680066,29.14705618,106.93153187,31.23364358,79.29472808,32.79462664,28.24648568,1,2,0,5,6,7,8,198.0,267.0,3,4,9,11,3.0,Out of Bounds,2.0
458,55,3,00:33:24,60126,60136,6,drive,1,30.0809745,46.03557987,31.72008909,28.51718084,40.95974675,87.12342165,30.82496408,108.98208424,32.79462664,28.24648568,43.19018762,81.49648169,2,1,0,5,6,7,8,198.0,267.0,3,4,9,11,3.0,Out of Bounds,2.0
459,55,4,00:33:24,60136,60148,7,push,0,28.37830983,47.00147621,32.30682296,29.08534979,40.92422442,88.90547173,32.05477879,108.47790717,43.19018762,81.49648169,34.45695279,28.54188957,1,2,0,5,6,7,8,198.0,267.0,3,4,9,11,3.0,Out of Bounds,2.0
460,55,5,00:33:24,60148,60167,6,net shot,1,28.01959902,46.99843474,30.55424745,27.11142702,43.86626567,93.48049861,31.04103009,106.94422372,34.45695279,28.54188957,30.95547966,85.72772217,2,1,0,5,6,7,8,198.0,267.0,3,4,9,11,3.0,Out of Bounds,2.0
461,55,6,00:33:25,60167,60179,8,push,1,29.1974389,42.18319496,30.1399778,25.72935195,46.71292348,98.67816838,24.07962965,98.0423366,30.95547966,85.72772217,16.13841568,25.32801907,1,2,0,5,6,7,8,198.0,267.0,3,4,9,11,3.0,Out of Bounds,2.0
462,55,7,00:33:25,60179,60220,6,lift,1,26.6719773,40.28353994,26.30939302,24.33260273,41.10035184,99.11899729,21.79530664,90.57261185,16.13841568,25.32801907,38.16182766,138.23360514,2,2,0,5,6,7,8,198.0,267.0,3,4,9,11,3.0,Out of Bounds,2.0
463,56,1,00:33:41,60656,60670,7,short serve,1,30.47591319,28.50594827,21.03017639,41.79770947,32.26415663,93.39808515,28.90040175,115.25343156,-139.84689655,547.81822498,25.45969823,55.11088411,2,2,0,5,6,7,8,198.0,267.0,3,4,9,12,4.0,Net Fault ,2.0
464,56,2,00:33:42,60670,60693,6,net shot,0,30.39296486,28.5051994,22.71388691,50.61660337,30.65614851,89.73090071,28.78596294,115.25269294,25.45969823,55.11088411,30.24725817,97.60836645,2,2,0,5,6,7,8,198.0,267.0,3,4,9,12,4.0,Net Fault ,2.0
465,56,3,00:33:43,60693,60717,8,lift,1,28.33177199,26.53789941,30.0858381,50.34088737,20.58163333,85.65167562,30.48512634,107.44780365,30.24725817,97.60836645,28.06763465,67.23155266,2,2,0,5,6,7,8,198.0,267.0,3,4,9,12,4.0,Net Fault ,2.0
466,57,1,00:34:01,61257,61262,5,short serve,1,31.32325454,44.75112163,28.51043917,24.08235989,32.38634694,107.96947103,22.56044889,93.79273303,-139.84689655,547.81822498,24.22090461,80.08336875,2,2,0,5,6,7,8,198.0,267.0,3,4,10,12,3.0,Opp Grounded within Boundaries,2.0
467,57,2,00:34:02,61262,61278,8,net shot,0,28.55931345,46.67535194,28.75198288,24.62598953,31.77847866,100.50354852,23.35348531,86.99504805,24.22090461,80.08336875,30.50254968,37.55421978,2,2,0,5,6,7,8,198.0,267.0,3,4,10,12,3.0,Opp Grounded within Boundaries,2.0
468,57,3,00:34:02,61278,61298,6,net shot,1,21.35963042,44.98854161,34.8858585,25.49896805,31.25664297,105.43378007,23.99999291,80.92818744,30.50254968,37.55421978,47.63837471,109.09373659,2,2,0,5,6,7,8,198.0,267.0,3,4,10,12,3.0,Opp Grounded within Boundaries,2.0
469,57,4,00:34:03,61298,61319,7,net shot,1,16.62196986,31.22455055,36.88780695,29.40906927,38.15442768,110.57776837,24.16121884,88.33626159,47.63837471,109.09373659,18.41929301,50.91910508,2,1,0,5,6,7,8,198.0,267.0,3,4,10,12,3.0,Opp Grounded within Boundaries,2.0
470,57,5,00:34:03,61319,61334,5,push,1,18.11568603,42.08764781,28.32589161,40.92057943,36.44232108,109.53336853,29.18188627,90.62568379,18.41929301,50.91910508,35.97261771,108.5039838,1,2,0,5,6,7,8,198.0,267.0,3,4,10,12,3.0,Opp Grounded within Boundaries,2.0
471,57,6,00:34:04,61334,61374,7,lift,1,18.97400125,46.59398607,27.66937857,46.01506211,34.75782043,109.52220801,29.39352329,90.17379367,35.97261771,108.5039838,18.83145965,8.40909881,2,1,0,5,6,7,8,198.0,267.0,3,4,10,12,3.0,Opp Grounded within Boundaries,2.0
472,57,7,00:34:05,61374,61386,5,smash,0,15.68808859,5.60907297,29.31698665,27.37789742,39.12167684,109.03717999,16.44205006,109.40085832,18.83145965,8.40909881,25.12013437,107.92099796,1,2,0,5,6,7,8,198.0,267.0,3,4,10,12,3.0,Opp Grounded within Boundaries,2.0
473,57,8,00:34:06,61386,61409,7,drive,0,15.8170964,1.59081516,25.7707461,31.8834614,39.09084053,108.01419686,14.21950123,115.69414143,25.12013437,107.92099796,51.95373827,42.37940034,2,1,0,5,6,7,8,198.0,267.0,3,4,10,12,3.0,Opp Grounded within Boundaries,2.0
474,57,9,00:34:06,61409,61427,6,net shot,0,32.56431431,10.6668873,32.172626,32.23017731,41.28938815,110.08110209,15.4399454,114.10108977,51.95373827,42.37940034,53.42410703,80.72452278,1,1,0,5,6,7,8,198.0,267.0,3,4,10,12,3.0,Opp Grounded within Boundaries,2.0
475,57,10,00:34:07,61427,61452,7,net shot,1,41.87976541,21.80129938,53.11323123,23.23342264,47.96640621,94.43754269,27.08768993,113.11870808,53.42410703,80.72452278,10.26363095,50.17477257,1,2,0,5,6,7,8,198.0,267.0,3,4,10,12,3.0,Opp Grounded within Boundaries,2.0
476,58,1,00:34:32,62173,62182,8,short serve,1,38.75486118,41.63661393,28.32637793,27.36892124,32.16281787,107.96797986,29.2857699,91.53751698,-139.84689655,547.81822498,37.94299892,51.76157734,2,2,0,5,6,7,8,198.0,267.0,3,4,10,13,4.0,Opp Grounded within Boundaries,2.0
477,58,2,00:34:32,62182,62202,5,net shot,1,38.8193566,45.78495845,28.32818034,27.09123768,33.51623744,108.99995611,33.35693177,87.06798678,37.94299892,51.76157734,57.49709957,100.68081169,2,2,0,5,6,7,8,198.0,267.0,3,4,10,13,4.0,Opp Grounded within Boundaries,2.0
478,58,3,00:34:33,62202,62224,7,drive,1,35.72706104,50.7255266,33.42618563,26.30855265,42.8743866,102.53363713,39.02848703,85.34879294,57.49709957,100.68081169,53.4038663,27.59615526,2,1,0,5,6,7,8,198.0,267.0,3,4,10,13,4.0,Opp Grounded within Boundaries,2.0
479,58,4,00:34:34,62224,62236,6,drive,0,28.57879011,42.81032076,46.74541833,24.51960873,48.61542562,108.58813273,27.8263085,104.41085652,53.4038663,27.59615526,34.12441508,104.45353052,1,2,0,5,6,7,8,198.0,267.0,3,4,10,13,4.0,Opp Grounded within Boundaries,2.0
480,58,5,00:34:34,62236,62250,8,net shot,0,24.44477055,38.41509201,50.41536,30.09760149,47.33136141,109.60551301,24.73992399,103.89245689,34.12441508,104.45353052,46.35152906,45.20189284,2,1,0,5,6,7,8,198.0,267.0,3,4,10,13,4.0,Opp Grounded within Boundaries,2.0
481,58,6,00:34:35,62250,62271,6,push,0,22.42032329,31.2764098,43.74411076,38.58362502,47.07819793,109.09001664,25.35846976,106.90614389,46.35152906,45.20189284,28.72958887,132.73465738,1,2,0,5,6,7,8,198.0,267.0,3,4,10,13,4.0,Opp Grounded within Boundaries,2.0
482,59,1,00:34:53,62815,62824,6,short serve,1,31.38249821,27.67496787,28.65948253,44.40670024,42.12486216,92.54588332,28.26078846,105.9159203,-139.84689655,547.81822498,31.83271293,78.04686541,2,2,0,5,6,7,8,198.0,267.0,3,4,11,13,3.0,Net Fault ,2.0
483,59,2,00:34:54,62824,62838,7,push,0,31.78840092,26.84562586,30.17174942,47.01668256,41.95305265,88.46528357,27.92761726,105.91367768,31.83271293,78.04686541,32.32545567,30.79088788,2,2,0,5,6,7,8,198.0,267.0,3,4,11,13,3.0,Net Fault ,2.0
484,59,3,00:34:54,62838,62859,5,net shot,1,32.04086044,27.40257919,29.63463122,45.70672658,36.0986996,79.33132069,31.26383656,106.94571678,32.32545567,30.79088788,51.28899439,100.63802291,2,2,0,5,6,7,8,198.0,267.0,3,4,11,13,3.0,Net Fault ,2.0
485,59,4,00:34:55,62859,62876,8,drive,1,30.79191258,24.9163141,28.29663218,45.69533004,27.57847246,93.36480125,43.53441423,105.0161292,51.28899439,100.63802291,53.25368653,24.5791646,2,2,0,5,6,7,8,198.0,267.0,3,4,11,13,3.0,Net Fault ,2.0
486,59,5,00:34:55,62876,62899,5,drive,0,33.58124885,25.76070332,27.96649274,42.17258171,26.28480138,103.90294729,49.86982671,105.55934515,53.25368653,24.5791646,43.19678809,65.44519677,2,2,0,5,6,7,8,198.0,267.0,3,4,11,13,3.0,Net Fault ,2.0
487,60,1,00:35:16,63485,63489,7,short serve,1,30.3093941,28.22402803,19.32005251,42.7306654,31.73480396,93.85777523,28.09931375,115.24826114,-139.84689655,547.81822498,25.83027079,55.11393674,2,2,0,5,6,7,8,198.0,267.0,3,4,11,14,4.0,Out of Bounds,2.0
488,60,2,00:35:16,63489,63498,6,net shot,1,29.97800207,28.22103343,20.87421113,48.58965852,31.39226441,89.73620941,28.2164452,114.71558593,25.83027079,55.11393674,31.16918514,87.05203513,2,2,0,5,6,7,8,198.0,267.0,3,4,11,14,4.0,Out of Bounds,2.0
489,60,3,00:35:16,63498,63528,7,net shot,0,29.56433816,27.65850803,24.37769485,53.70925553,31.82865775,92.01337218,29.58811008,113.66303662,31.16918514,87.05203513,69.79130045,48.67038049,2,2,0,5,6,7,8,198.0,267.0,3,4,11,14,4.0,Out of Bounds,2.0
490,61,1,00:35:46,64397,64404,5,short serve,1,31.49869413,44.43099232,28.84050918,23.01033898,32.32377196,100.5073069,21.98195956,91.48523714,-139.84689655,547.81822498,29.00094929,80.11920265,2,2,0,5,6,7,8,198.0,267.0,3,4,12,14,3.0,Out of Bounds,2.0
491,61,2,00:35:46,64404,64421,8,net shot,1,29.81307677,47.01364142,28.4274231,24.3519844,31.46471173,102.94820376,22.05481568,88.76888612,29.00094929,80.11920265,10.7874117,32.62114176,2,2,0,5,6,7,8,198.0,267.0,3,4,12,14,3.0,Out of Bounds,2.0
492,61,3,00:35:47,64421,64455,6,lift,1,30.62444207,48.33982246,17.91155617,25.89236976,29.03437157,107.43810372,23.61989873,79.65752981,10.7874117,32.62114176,56.32731147,126.48274355,2,1,0,5,6,7,8,198.0,267.0,3,4,12,14,3.0,Out of Bounds,2.0
493,61,4,00:35:48,64455,64468,7,smash,0,41.6081494,25.83383162,25.47069852,21.38583463,44.82558571,120.78897747,42.68099338,100.57869308,56.32731147,126.48274355,54.37058266,28.1619254,1,2,0,5,6,7,8,198.0,267.0,3,4,12,14,3.0,Out of Bounds,2.0
494,61,5,00:35:48,64468,64486,5,drive,0,41.69003684,25.83457765,27.03925435,24.61033046,52.2281847,121.94441953,42.26852156,106.51400358,54.37058266,28.1619254,53.35636664,110.6780216,2,1,0,5,6,7,8,198.0,267.0,3,4,12,14,3.0,Out of Bounds,2.0
495,61,6,00:35:49,64486,64505,7,net shot,0,45.15881165,27.52144455,26.29786063,30.45083565,56.45751516,115.43129198,35.68057283,104.96303031,53.35636664,110.6780216,57.02857829,43.05508175,1,2,0,5,6,7,8,198.0,267.0,3,4,12,14,3.0,Out of Bounds,2.0
496,61,7,00:35:50,64505,64538,5,lift,0,44.66775415,36.77188465,28.51043917,24.08235989,46.5722342,114.3030089,31.0430757,107.45153416,57.02857829,43.05508175,10.24582505,124.49109896,2,1,0,5,6,7,8,198.0,267.0,3,4,12,14,3.0,Out of Bounds,2.0
497,61,8,00:35:51,64538,64552,7,drive,0,38.69669712,28.86120306,19.24308425,27.28661502,23.97479175,121.7675509,39.42651629,101.04234443,10.24582505,124.49109896,9.84316098,28.8829203,1,1,0,5,6,7,8,198.0,267.0,3,4,12,14,3.0,Out of Bounds,2.0
498,61,9,00:35:51,64552,64570,6,net shot,1,36.84092255,25.24385272,16.2361323,27.81700928,17.23974494,120.6153797,40.91641587,106.00110693,9.84316098,28.8829203,26.93489219,93.82374594,1,2,0,5,6,7,8,198.0,267.0,3,4,12,14,3.0,Out of Bounds,2.0
499,61,10,00:35:52,64570,64592,7,net shot,1,15.32514486,27.80876964,34.1973727,27.979464,17.63606389,104.84103351,39.66082999,101.5316102,26.93489219,93.82374594,6.95203375,54.60863548,2,2,0,5,6,7,8,198.0,267.0,3,4,12,14,3.0,Out of Bounds,2.0
500,61,11,00:35:53,64592,64610,5,net shot,1,14.48820347,42.37232131,32.68003149,25.75249286,22.74519108,90.57943668,32.95036513,108.48386807,6.95203375,54.60863548,35.26484121,106.46696564,2,2,0,5,6,7,8,198.0,267.0,3,4,12,14,3.0,Out of Bounds,2.0
501,61,12,00:35:53,64610,64631,8,drive,1,30.05927835,26.82992935,18.7064829,48.57138482,20.8671561,93.31712864,30.04191267,111.56449392,35.26484121,106.46696564,57.9367098,24.35186988,2,2,0,5,6,7,8,198.0,267.0,3,4,12,14,3.0,Out of Bounds,2.0
502,61,13,00:35:54,64631,64643,6,drive,0,26.35227088,44.3869599,38.68795375,24.44587647,19.65725254,107.37540714,40.8764708,111.11479614,57.9367098,24.35186988,54.93901321,98.73533676,2,2,0,5,6,7,8,198.0,267.0,3,4,12,14,3.0,Out of Bounds,2.0
503,61,14,00:35:54,64643,64672,8,net shot,1,50.69331702,22.41215848,29.11310885,40.92739614,24.93581705,112.57835266,47.33136141,109.60551301,54.93901321,98.73533676,52.21476328,49.18656072,2,2,0,5,6,7,8,198.0,267.0,3,4,12,14,3.0,Out of Bounds,2.0
504,61,15,00:35:55,64672,64699,6,lift,0,48.50587817,36.50503881,42.97832291,41.98715203,32.53746868,100.02416562,46.65786976,111.6735595,52.21476328,49.18656072,55.81603135,115.96195525,2,1,0,5,6,7,8,198.0,267.0,3,4,12,14,3.0,Out of Bounds,2.0
505,61,16,00:35:56,64699,64728,8,drop,0,26.91231686,28.19333055,44.83828908,28.91659887,44.99414664,101.08063848,50.34643915,118.08458112,55.81603135,115.96195525,43.60208569,50.11777753,1,2,0,5,6,7,8,198.0,267.0,3,4,12,14,3.0,Out of Bounds,2.0
506,61,17,00:35:57,64728,64761,6,lift,0,21.40204656,33.88738847,43.50092436,37.36516117,34.8036683,92.49367817,56.93927802,119.76412344,43.60208569,50.11777753,11.90423288,122.24996553,2,1,0,5,6,7,8,198.0,267.0,3,4,12,14,3.0,Out of Bounds,2.0
507,61,18,00:35:58,64761,64787,8,drop,0,16.59786552,25.8804122,35.2337375,33.42290871,22.76947438,98.51177,23.55944916,125.14090034,11.90423288,122.24996553,30.0831983,48.00410491,1,2,0,5,6,7,8,198.0,267.0,3,4,12,14,3.0,Out of Bounds,2.0
508,61,19,00:35:59,64787,64846,6,lift,1,14.64240241,30.63243315,34.10737843,36.67909495,31.73785944,94.32271316,22.57256366,121.75877283,30.0831983,48.00410491,48.2415627,136.45835777,2,2,0,5,6,7,8,198.0,267.0,3,4,12,14,3.0,Out of Bounds,2.0
509,62,1,00:36:42,66066,66074,8,short serve,1,39.11752138,41.95382803,28.41233,26.81497879,32.27458278,107.96872545,29.28657891,91.08126675,-139.84689655,547.81822498,37.06905033,53.12391108,2,2,0,5,6,7,8,198.0,267.0,3,4,12,15,4.0,Out of Bounds,2.0
510,62,2,00:36:42,66074,66089,5,net shot,1,38.61778445,45.13587129,28.09334275,25.43703034,33.17985177,108.99772228,31.90170307,87.50100692,37.06905033,53.12391108,56.02027064,107.61853477,2,2,0,5,6,7,8,198.0,267.0,3,4,12,15,4.0,Out of Bounds,2.0
511,62,3,00:36:42,66089,66112,7,drive,1,36.20299587,55.19938305,31.94263599,25.74577489,41.25125497,109.05132182,38.12248442,86.21972926,56.02027064,107.61853477,15.07668519,27.80652238,2,1,0,5,6,7,8,198.0,267.0,3,4,12,15,4.0,Out of Bounds,2.0
512,62,4,00:36:43,66112,66131,6,net shot,1,32.29713622,44.43782373,24.98825997,21.38137787,43.71336315,106.52370739,30.68927047,100.98224981,15.07668519,27.80652238,49.25411813,80.69331447,1,2,0,5,6,7,8,198.0,267.0,3,4,12,15,4.0,Out of Bounds,2.0
513,62,5,00:36:44,66131,66177,7,lift,1,30.42911027,42.50961486,19.82951628,21.59777223,40.92298417,91.62081483,24.34310086,101.42647682,49.25411813,80.69331447,6.98680878,7.13176088,2,1,0,5,6,7,8,198.0,267.0,3,4,12,15,4.0,Out of Bounds,2.0
514,62,6,00:36:45,66177,66190,6,smash,0,24.05776377,33.03107692,2.86928187,4.5773489,37.22836376,109.5385764,11.95500088,115.14406175,6.98680878,7.13176088,21.20626056,107.89488842,1,2,0,5,6,7,8,198.0,267.0,3,4,12,15,4.0,Out of Bounds,2.0
515,62,7,00:36:46,66190,66232,8,lift,1,25.52876401,31.30421104,2.08421547,3.2235539,36.22841586,110.04764846,11.28806646,116.75176044,21.20626056,107.89488842,49.47854104,12.75376555,2,1,0,5,6,7,8,198.0,267.0,3,4,12,15,4.0,Out of Bounds,2.0
516,62,8,00:36:47,66232,66243,5,smash,0,46.07088407,11.51390896,28.03081597,23.00289733,44.66034791,114.82197916,26.95000235,115.7761051,49.47854104,12.75376555,37.89748067,113.71706049,1,2,0,5,6,7,8,198.0,267.0,3,4,12,15,4.0,Out of Bounds,2.0
517,62,9,00:36:48,66243,66258,8,lift,1,50.67231661,4.81720658,31.91976771,32.2279223,43.59127736,119.13176007,26.12875349,117.38759927,37.89748067,113.71706049,27.93214096,35.42638901,2,1,0,5,6,7,8,198.0,267.0,3,4,12,15,4.0,Out of Bounds,2.0
518,62,10,00:36:48,66258,66268,6,smash,0,41.34685913,5.177565,30.32874405,36.94739164,40.40557814,120.76116235,25.68885022,115.76798533,27.93214096,35.42638901,17.51515108,113.58454354,1,2,0,5,6,7,8,198.0,267.0,3,4,12,15,4.0,Out of Bounds,2.0
519,62,11,00:36:48,66268,66290,8,drive,1,33.24075174,9.96001509,30.23774772,34.26043533,40.56908027,115.32874409,23.59332225,117.37139683,17.51515108,113.58454354,10.40584047,19.67502734,2,1,0,5,6,7,8,198.0,267.0,3,4,12,15,4.0,Out of Bounds,2.0
520,62,12,00:36:49,66290,66314,6,net shot,1,21.52715933,17.20868168,25.53852501,35.40527218,37.15273987,111.09029637,18.99626225,113.59417308,10.40584047,19.67502734,21.93771518,89.21733234,1,2,0,5,6,7,8,198.0,267.0,3,4,12,15,4.0,Out of Bounds,2.0
521,62,13,00:36:50,66314,66366,8,lift,1,15.34222333,19.98121171,22.88391717,41.49947803,37.54518997,100.05875287,19.74962158,98.01218313,21.93771518,89.21733234,16.9960509,-0.77755767,2,2,0,5,6,7,8,198.0,267.0,3,4,12,15,4.0,Out of Bounds,2.0
522,63,1,00:37:18,67145,67158,6,short serve,1,31.38249821,27.67496787,29.72413945,44.73745498,42.01878062,92.54512688,27.92143023,106.92331874,-139.84689655,547.81822498,33.29763554,82.27664387,2,2,0,5,6,7,8,198.0,267.0,3,4,13,15,3.0,Net Fault ,2.0
523,63,2,00:37:18,67158,67173,7,net shot,0,31.3863732,28.23376009,30.4407489,47.01896338,41.49839778,87.57085357,28.36948728,106.42065524,33.29763554,82.27664387,32.01792683,53.08198982,2,2,0,5,6,7,8,198.0,267.0,3,4,13,15,3.0,Net Fault ,2.0
524,63,3,00:37:19,67173,67187,6,net shot,0,29.56578892,26.27344579,28.01246763,47.98660814,36.11095601,84.45509163,29.59202051,107.95083001,32.01792683,53.08198982,26.14792319,80.52038709,2,2,0,5,6,7,8,198.0,267.0,3,4,13,15,3.0,Net Fault ,2.0
525,63,4,00:37:19,67187,67209,7,push,0,27.84540667,25.70844748,26.56749633,48.3055829,29.3985679,86.59682797,29.81562576,108.97538156,26.14792319,80.52038709,46.39582716,27.53265349,2,1,0,5,6,7,8,198.0,267.0,3,4,13,15,3.0,Net Fault ,2.0
526,63,5,00:37:20,67209,67227,5,smash,0,33.10973974,27.13460409,28.81355246,50.33022532,39.41097961,100.55615481,30.04032261,109.4909526,46.39582716,27.53265349,48.18300776,66.62465201,1,2,0,5,6,7,8,198.0,267.0,3,4,13,15,3.0,Net Fault ,2.0
527,64,1,00:37:42,67877,67926,7,long serve,1,30.14286491,27.66374545,20.52719288,41.16567551,32.58358766,93.40035417,28.43336008,117.40232665,-139.84689655,547.81822498,8.39134957,6.683612,2,2,0,5,6,7,8,198.0,267.0,3,4,13,16,4.0,Out of Bounds,2.0
528,65,1,00:38:08,68640,68655,5,short serve,1,31.14205973,44.10715281,28.51971302,22.47372031,32.23831051,103.4476198,22.68962737,92.86795916,-139.84689655,547.81822498,28.68917345,81.81470708,2,2,0,5,6,7,8,198.0,267.0,3,4,14,16,3.0,Out of Bounds,2.0
529,65,2,00:38:08,68655,68676,8,net shot,1,29.27714753,46.02874094,28.1810927,24.62077001,31.55752304,100.01739735,20.03146783,89.65427791,28.68917345,81.81470708,31.62558931,62.72990267,2,2,0,5,6,7,8,198.0,267.0,3,4,14,16,3.0,Out of Bounds,2.0
530,65,3,00:38:09,68676,68746,5,lift,1,31.8016018,49.01468168,31.13132797,27.11666086,31.37783644,107.45377242,30.82815884,79.29167822,31.62558931,62.72990267,45.51534684,123.01917384,2,1,0,5,6,7,8,198.0,267.0,3,4,14,16,3.0,Out of Bounds,2.0
531,65,4,00:38:11,68746,68756,7,smash,0,43.32757065,24.48833269,20.99540375,22.67102259,46.71592449,125.85270501,35.56723972,99.08062293,45.51534684,123.01917384,50.65663347,23.74672793,1,2,0,5,6,7,8,198.0,267.0,3,4,14,16,3.0,Out of Bounds,2.0
532,65,5,00:38:11,68756,68798,5,lift,1,43.61606774,21.2902241,20.69358681,22.13572795,44.56380437,125.27028611,35.77466319,98.6021514,50.65663347,23.74672793,70.04794468,115.51900798,2,2,0,5,6,7,8,198.0,267.0,3,4,14,16,3.0,Out of Bounds,2.0
533,66,1,00:38:37,69539,69550,8,short serve,1,38.2619309,42.57707625,28.99076056,26.26821642,32.15891899,107.45899483,29.60325509,91.5397895,-139.84689655,547.81822498,33.57421604,52.75106957,2,2,0,5,6,7,8,198.0,267.0,3,4,17,14,3.0,Net Fault ,2.0
534,66,2,00:38:38,69550,69566,5,net shot,1,39.13608559,47.09269008,29.64774552,26.54985625,33.16867532,107.97468996,32.74095424,87.95210777,33.57421604,52.75106957,40.07207635,103.99656901,2,2,0,5,6,7,8,198.0,267.0,3,4,17,14,3.0,Net Fault ,2.0
535,66,3,00:38:38,69566,69588,7,net shot,1,35.59459143,56.95631309,30.14286491,27.66374545,35.52491079,108.50100392,33.88407701,87.51543503,40.07207635,103.99656901,9.26537742,39.51266137,2,2,0,5,6,7,8,198.0,267.0,3,4,17,14,3.0,Net Fault ,2.0
536,66,4,00:38:39,69588,69609,6,net shot,1,33.60907405,49.02990061,16.95402689,29.79691074,30.15559227,112.08796817,34.84638839,88.8614775,9.26537742,39.51266137,9.18949697,89.57608807,2,1,0,5,6,7,8,198.0,267.0,3,4,17,14,3.0,Net Fault ,2.0
537,66,5,00:38:40,69609,69628,8,net shot,0,39.23139227,27.74602404,14.47048686,26.96555515,21.54676838,116.27848496,22.01855809,90.12070598,9.18949697,89.57608807,6.89237738,53.21850904,1,2,0,5,6,7,8,198.0,267.0,3,4,17,14,3.0,Net Fault ,2.0
538,66,6,00:38:40,69628,69640,6,push,1,30.95659248,25.19014867,12.72585219,42.35714279,25.60978092,113.10907621,18.97915482,89.64668887,6.89237738,53.21850904,33.05444491,87.95438528,2,1,0,5,6,7,8,198.0,267.0,3,4,17,14,3.0,Net Fault ,2.0
539,66,7,00:38:41,69640,69665,8,push,1,30.46533716,24.91333093,9.74186768,46.51561819,29.9301006,114.7266734,24.75820756,90.14042698,33.05444491,87.95438528,45.70487506,70.47675507,1,2,0,5,6,7,8,198.0,267.0,3,4,17,14,3.0,Net Fault ,2.0
540,67,1,00:39:01,70258,70270,6,short serve,1,31.46513719,27.675716,29.36761477,45.38025126,42.21144717,92.08755002,28.25570069,106.92555874,-139.84689655,547.81822498,30.73096497,80.55468669,2,1,0,5,6,7,8,198.0,267.0,3,4,18,14,3.0,Net Fault ,2.0
541,67,2,00:39:02,70270,70279,7,push,0,31.13784567,28.23151428,29.63463122,45.70672658,42.45645424,88.02269084,28.70319839,106.4228965,30.73096497,80.55468669,34.28559027,28.25995869,1,2,0,5,6,7,8,198.0,267.0,3,4,18,14,3.0,Net Fault ,2.0
542,67,3,00:39:02,70279,70296,5,drive,1,31.69453544,25.4698679,28.57236603,44.08514225,40.3321522,81.47516405,30.59540832,106.94123753,34.28559027,28.25995869,48.21897603,113.25642544,2,1,0,5,6,7,8,198.0,267.0,3,4,18,14,3.0,Net Fault ,2.0
543,67,4,00:39:03,70296,70322,8,net shot,1,35.67558864,24.41831092,30.87064452,42.83003818,30.53951731,85.2864533,35.14806738,112.64506764,48.21897603,113.25642544,52.10816106,72.10667432,1,2,0,5,6,7,8,198.0,267.0,3,4,18,14,3.0,Net Fault ,2.0
544,68,1,00:39:23,70907,70916,6,short serve,1,29.48325445,26.5483617,31.41633415,45.39772115,31.70317196,105.93909142,22.16978388,92.4035899,-139.84689655,547.81822498,28.68238458,83.53319651,2,1,0,5,6,7,8,198.0,267.0,3,4,18,15,4.0,Opp Grounded within Boundaries,2.0
545,68,2,00:39:23,70916,70926,8,push,1,28.74043718,27.09497665,31.69602303,47.02960669,31.58627455,104.93534924,21.26756993,90.5688201,28.68238458,83.53319651,14.23588177,29.20513309,1,2,0,5,6,7,8,198.0,267.0,3,4,18,15,4.0,Opp Grounded within Boundaries,2.0
546,68,3,00:39:24,70926,70944,5,drive,1,25.23374565,25.13791842,30.60726541,43.14522279,31.37264948,106.440825,24.43718186,84.80468314,14.23588177,29.20513309,18.55899825,103.85048566,2,2,0,5,6,7,8,198.0,267.0,3,4,18,15,4.0,Opp Grounded within Boundaries,2.0
547,68,4,00:39:24,70944,70965,7,net shot,0,18.04719057,26.44445444,31.35690196,36.35420477,22.76026123,108.41604404,29.50715863,82.24846734,18.55899825,103.85048566,13.30378271,45.56762686,2,2,0,5,6,7,8,198.0,267.0,3,4,18,15,4.0,Opp Grounded within Boundaries,2.0
548,68,5,00:39:25,70965,70985,5,net shot,1,14.54503583,34.71336478,35.27723717,31.67950191,25.97660743,111.01676455,32.44792089,90.19578034,13.30378271,45.56762686,11.09122079,92.78541303,2,1,0,5,6,7,8,198.0,267.0,3,4,18,15,4.0,Opp Grounded within Boundaries,2.0
549,68,6,00:39:26,70985,71004,8,net shot,0,14.17756651,33.82333565,37.37780336,29.13104653,22.49990671,109.95690138,26.97067636,90.15635314,11.09122079,92.78541303,5.301022,52.51613079,1,2,0,5,6,7,8,198.0,267.0,3,4,18,15,4.0,Opp Grounded within Boundaries,2.0
550,68,7,00:39:26,71004,71043,5,lift,1,12.66137386,40.78493632,36.33213193,27.44146358,25.85046416,112.05977648,22.62383506,86.9897279,5.301022,52.51613079,42.52988788,127.54670902,2,1,0,5,6,7,8,198.0,267.0,3,4,18,15,4.0,Opp Grounded within Boundaries,2.0
551,68,8,00:39:28,71043,71061,7,drop,0,16.96989113,29.5130503,41.99370145,30.02192265,42.7168134,129.28581208,40.93706502,100.56667321,42.52988788,127.54670902,14.81206883,50.21288956,1,2,0,5,6,7,8,198.0,267.0,3,4,18,15,4.0,Opp Grounded within Boundaries,2.0
552,68,9,00:39:28,71061,71080,5,push,1,15.48135663,40.49749021,40.65016026,35.24098317,43.14721667,128.12774124,39.22078551,104.98696527,14.81206883,50.21288956,40.14667613,116.39794169,2,2,0,5,6,7,8,198.0,267.0,3,4,18,15,4.0,Opp Grounded within Boundaries,2.0
553,68,10,00:39:29,71080,71114,7,lift,1,16.38963249,38.34474987,39.02923459,35.22666881,34.42386282,117.44060842,30.24725817,97.60836645,40.14667613,116.39794169,13.52190797,19.70395873,2,1,0,5,6,7,8,198.0,267.0,3,4,18,15,4.0,Opp Grounded within Boundaries,2.0
554,68,11,00:39:30,71114,71127,5,smash,0,10.96131269,17.87457293,32.82920754,24.66326662,38.61976242,111.09994844,20.61664705,108.91429416,13.52190797,19.70395873,21.30402909,108.40635154,1,2,0,5,6,7,8,198.0,267.0,3,4,18,15,4.0,Opp Grounded within Boundaries,2.0
555,68,12,00:39:30,71127,71140,8,drive,1,10.78833389,7.63220697,26.19748655,26.24281408,38.28024849,102.99468445,18.52173337,110.96771624,21.30402909,108.40635154,18.54095004,35.04573729,2,2,0,5,6,7,8,198.0,267.0,3,4,18,15,4.0,Opp Grounded within Boundaries,2.0
556,68,13,00:39:31,71140,71165,5,net shot,1,21.8912146,29.55731583,17.52299439,7.46505835,35.35914591,99.56064077,19.23492707,109.93531947,18.54095004,35.04573729,9.20756127,92.31116035,2,2,0,5,6,7,8,198.0,267.0,3,4,18,15,4.0,Opp Grounded within Boundaries,2.0
557,68,14,00:39:32,71165,71201,8,lift,0,23.90840127,16.72427302,23.94023095,37.80060705,37.92409108,102.00895215,18.00701966,103.84673748,9.20756127,92.31116035,58.31442583,9.25726266,2,1,0,5,6,7,8,198.0,267.0,3,4,18,15,4.0,Opp Grounded within Boundaries,2.0
558,68,15,00:39:33,71201,71228,5,drop,0,47.02361226,8.2139769,40.4125205,33.76205702,46.77146023,113.77475521,28.22974984,112.07535699,58.31442583,9.25726266,35.71235455,90.21927893,1,2,0,5,6,7,8,198.0,267.0,3,4,18,15,4.0,Opp Grounded within Boundaries,2.0
559,68,16,00:39:34,71228,71273,7,lift,1,44.43159558,8.88938062,36.12025885,34.9040851,39.9618229,103.99582034,27.36026858,107.42691046,35.71235455,90.21927893,9.66980182,6.69597361,2,1,0,5,6,7,8,198.0,267.0,3,4,18,15,4.0,Opp Grounded within Boundaries,2.0
560,68,17,00:39:35,71273,71288,5,smash,0,5.99313406,5.28743536,20.5077794,28.69714302,36.22841586,110.04764846,11.98520431,114.61056863,9.66980182,6.69597361,17.98221797,107.36420766,1,2,0,5,6,7,8,198.0,267.0,3,4,18,15,4.0,Opp Grounded within Boundaries,2.0
561,68,18,00:39:36,71288,71307,8,drive,1,2.83957054,4.80314523,23.10080232,30.99500504,36.09497116,109.01708063,10.95593694,114.6039092,17.98221797,107.36420766,10.17374836,22.30481734,2,1,0,5,6,7,8,198.0,267.0,3,4,18,15,4.0,Opp Grounded within Boundaries,2.0
562,68,19,00:39:36,71307,71327,5,net shot,1,12.01655066,16.61277711,29.38629638,34.84455832,37.90208545,109.54304009,12.55935755,112.49749926,10.17374836,22.30481734,26.93684705,83.08866944,1,2,0,5,6,7,8,198.0,267.0,3,4,18,15,4.0,Opp Grounded within Boundaries,2.0
563,68,20,00:39:37,71327,71354,7,push,0,16.77205093,22.89942123,25.67292046,37.51191373,33.7925211,96.21160299,16.95041055,105.33726982,26.93684705,83.08866944,53.22691473,18.26925415,2,1,0,5,6,7,8,198.0,267.0,3,4,18,15,4.0,Opp Grounded within Boundaries,2.0
564,68,21,00:39:38,71354,71367,5,smash,0,35.92761998,18.87733418,30.77363418,40.63005142,39.88449259,104.99145251,25.63782103,111.01453555,53.22691473,18.26925415,32.74598659,110.54210097,1,2,0,5,6,7,8,198.0,267.0,3,4,18,15,4.0,Opp Grounded within Boundaries,2.0
565,68,22,00:39:38,71367,71387,8,net shot,1,55.01633389,16.01051805,35.60422344,38.20721851,44.48657561,111.13854833,28.12490158,110.51162599,32.74598659,110.54210097,50.47014677,53.23513204,2,2,0,5,6,7,8,198.0,267.0,3,4,18,15,4.0,Opp Grounded within Boundaries,2.0
566,68,23,00:39:39,71387,71402,6,push,0,49.49139542,19.7784459,46.77305841,43.60227776,42.82424453,106.51773592,27.78335323,111.02865179,50.47014677,53.23513204,28.26331982,105.41358703,2,1,0,5,6,7,8,198.0,267.0,3,4,18,15,4.0,Opp Grounded within Boundaries,2.0
567,68,24,00:39:40,71402,71422,8,net shot,0,35.02378588,20.94810259,48.65566654,41.72216372,34.62170369,94.34311859,28.57783938,109.99707723,28.26331982,105.41358703,16.09203992,42.07019988,1,2,0,5,6,7,8,198.0,267.0,3,4,18,15,4.0,Opp Grounded within Boundaries,2.0
568,68,25,00:39:40,71422,71432,5,drive,1,18.70801538,29.81267246,36.01934514,34.31164489,30.76580763,91.09187492,27.89307578,111.55038916,16.09203992,42.07019988,37.39697614,90.23140545,2,1,0,5,6,7,8,198.0,267.0,3,4,18,15,4.0,Opp Grounded within Boundaries,2.0
569,68,26,00:39:41,71432,71441,7,push,0,15.72186245,35.020842,36.98874194,29.97694701,30.5533233,90.63553744,30.61141165,113.14167297,37.39697614,90.23140545,17.76867083,31.8120295,1,2,0,5,6,7,8,198.0,267.0,3,4,18,15,4.0,Opp Grounded within Boundaries,2.0
570,68,27,00:39:41,71441,71458,5,net shot,1,17.70324157,26.71776457,37.51555898,28.2891461,29.60418917,90.17531012,35.51716428,114.23130745,17.76867083,31.8120295,37.15621497,81.02648355,2,1,0,5,6,7,8,198.0,267.0,3,4,18,15,4.0,Opp Grounded within Boundaries,2.0
571,68,28,00:39:41,71458,71477,7,net shot,1,19.79372605,22.39338411,36.96103837,23.89009144,27.27092402,91.98081033,37.8242357,115.31102819,37.15621497,81.02648355,11.23243949,48.17615904,1,2,0,5,6,7,8,198.0,267.0,3,4,18,15,4.0,Opp Grounded within Boundaries,2.0
572,69,1,00:40:10,72304,72315,7,short serve,1,18.29164378,42.08916492,31.46717354,27.95477006,31.94471954,93.39581609,28.89113288,118.49224187,-139.84689655,547.81822498,23.6993673,55.09638322,2,2,0,5,6,7,8,198.0,267.0,3,4,19,15,3.0,Out of Bounds,2.0
573,69,2,00:40:10,72315,72334,5,net shot,0,20.83186592,47.26609628,31.38056782,27.3965961,30.3431841,91.08884411,28.90040175,115.25343156,23.6993673,55.09638322,29.14921281,105.9219004,2,2,0,5,6,7,8,198.0,267.0,3,4,19,15,3.0,Out of Bounds,2.0
574,69,3,00:40:11,72334,72372,8,lift,1,24.44792613,54.75294099,30.2260277,27.94354422,37.71861642,94.36503164,29.36701155,108.97240246,29.14921281,105.9219004,24.44196591,8.22948052,2,1,0,5,6,7,8,198.0,267.0,3,4,19,15,3.0,Out of Bounds,2.0
575,69,4,00:40:12,72372,72382,6,smash,0,27.48715046,37.22474153,20.19488714,8.42221637,42.23035076,111.12370381,16.37574625,113.57713563,24.44196591,8.22948052,14.15789582,114.6246261,1,2,0,5,6,7,8,198.0,267.0,3,4,19,15,3.0,Out of Bounds,2.0
576,69,5,00:40:12,72382,72398,8,drive,1,26.81329448,36.01424113,21.16983794,8.66574039,41.53382203,110.60005469,14.92154385,117.85877172,14.15789582,114.6246261,16.82280234,38.34853256,2,1,0,5,6,7,8,198.0,267.0,3,4,19,15,3.0,Out of Bounds,2.0
577,69,6,00:40:13,72398,72417,5,net shot,0,24.72408066,37.50360219,22.25592239,12.2523587,36.14763779,111.60457133,13.15861582,116.22461257,16.82280234,38.34853256,17.71629251,89.63758139,1,1,0,5,6,7,8,198.0,267.0,3,4,19,15,3.0,Out of Bounds,2.0
578,69,7,00:40:13,72417,72431,7,push,0,23.45968734,39.63609662,24.54957999,19.54667946,27.01070321,97.11033881,13.68476436,108.35563868,17.71629251,89.63758139,11.92863048,18.65377681,1,1,0,5,6,7,8,198.0,267.0,3,4,19,15,3.0,Out of Bounds,2.0
579,69,8,00:40:14,72431,72446,6,drive,1,24.6583878,40.57704137,20.46001742,20.02868877,25.02962269,92.88461296,20.39221899,108.9128038,11.92863048,18.65377681,36.04503868,112.12653461,1,1,0,5,6,7,8,198.0,267.0,3,4,19,15,3.0,Out of Bounds,2.0
580,69,9,00:40:14,72446,72464,8,net shot,0,33.11628029,33.40409828,11.70431706,23.38934796,29.07524992,91.07975122,26.64359671,112.06497023,36.04503868,112.12653461,26.89712395,50.98998136,1,2,0,5,6,7,8,198.0,267.0,3,4,19,15,3.0,Out of Bounds,2.0
581,69,10,00:40:15,72464,72478,6,net shot,1,35.74001501,26.88149754,22.7542304,39.93935273,30.55215306,90.18213391,32.5205972,110.54061458,26.89712395,50.98998136,47.16435441,78.1627523,2,1,0,5,6,7,8,198.0,267.0,3,4,19,15,3.0,Out of Bounds,2.0
582,69,11,00:40:15,72478,72496,7,net shot,1,29.90287836,47.34291988,32.18266403,25.20133856,32.51517052,86.17869738,33.7193997,116.35666292,47.16435441,78.1627523,15.20719416,39.25566826,1,2,0,5,6,7,8,198.0,267.0,3,4,19,15,3.0,Out of Bounds,2.0
583,69,12,00:40:16,72496,72510,5,drive,1,21.60819329,28.14540016,29.99317182,48.00334422,44.2187838,77.72567539,35.92153927,111.60308724,15.20719416,39.25566826,41.15702062,106.50653855,2,1,0,5,6,7,8,198.0,267.0,3,4,19,15,3.0,Out of Bounds,2.0
584,69,13,00:40:17,72510,72520,8,smash,0,18.24973912,28.9586755,29.72576311,39.69058709,34.73164775,82.28730361,30.03720512,105.42555371,41.15702062,106.50653855,38.82475788,38.84674508,1,2,0,5,6,7,8,198.0,267.0,3,4,19,15,3.0,Out of Bounds,2.0
585,69,14,00:40:17,72520,72531,6,drive,0,20.71385262,25.64347614,30.50254968,37.55421978,31.90820818,88.39244084,30.48176152,105.93086995,38.82475788,38.84674508,19.39145842,98.96843739,2,1,0,5,6,7,8,198.0,267.0,3,4,19,15,3.0,Out of Bounds,2.0
586,69,15,00:40:17,72531,72548,7,push,0,23.06661568,23.76272371,33.13298676,34.58150595,31.64268006,96.19651076,37.93325319,106.48488716,19.39145842,98.96843739,-1.78218618,62.46220422,1,2,0,5,6,7,8,198.0,267.0,3,4,19,15,3.0,Out of Bounds,2.0
587,70,1,00:40:42,73260,73300,5,,0,-139.84689655,547.81822498,-139.84689655,547.81822498,-139.84689655,547.81822498,-139.84689655,547.81822498,-139.84689655,547.81822498,-139.84689655,547.81822498,2,2,1,5,6,7,8,198.0,267.0,3,4,19,16,4.0,Out of Bounds,2.0
588,70,2,00:40:43,73300,73318,7,net shot,0,29.6326071,48.66349082,30.62169732,23.02670938,40.54324297,87.12038477,28.48072505,106.42140233,-139.84689655,547.81822498,12.94511898,35.59277685,2,2,0,5,6,7,8,198.0,267.0,3,4,19,16,4.0,Out of Bounds,2.0
589,70,3,00:40:43,73318,73335,6,net shot,1,30.72566944,51.36122774,20.36298021,26.18975446,32.07182659,82.696468,29.37202001,105.42106635,12.94511898,35.59277685,8.52455836,90.02357124,2,1,0,5,6,7,8,198.0,267.0,3,4,19,16,4.0,Out of Bounds,2.0
590,70,4,00:40:44,73335,73354,7,net shot,0,38.29407058,38.53603212,14.3691186,27.24245068,22.35879066,93.3277242,22.37495393,110.47370643,8.52455836,90.02357124,4.63444316,51.82512523,1,2,0,5,6,7,8,198.0,267.0,3,4,19,16,4.0,Out of Bounds,2.0
591,70,5,00:40:45,73354,73376,6,lift,1,33.63990191,24.39968276,13.4885932,38.93282116,20.3991937,98.01670664,25.08892375,109.97401509,4.63444316,51.82512523,5.19443298,121.09382288,2,1,0,5,6,7,8,198.0,267.0,3,4,19,16,4.0,Out of Bounds,2.0
592,70,6,00:40:45,73376,73386,8,smash,0,32.68003149,25.75249286,10.86551004,28.61017186,19.2386094,103.35915485,17.95301559,123.40930484,5.19443298,121.09382288,14.39382969,34.41569117,1,2,0,5,6,7,8,198.0,267.0,3,4,19,16,4.0,Out of Bounds,2.0
593,70,7,00:40:46,73386,73405,6,drive,1,32.68352609,26.02682815,11.7203434,24.19910123,19.40815925,104.85301443,8.03442378,120.55745058,14.39382969,34.41569117,6.45553581,115.10856684,2,1,0,5,6,7,8,198.0,267.0,3,4,19,16,4.0,Out of Bounds,2.0
594,70,8,00:40:46,73405,73425,8,net shot,0,34.53407138,28.26220407,13.08799862,26.67586863,22.19223748,95.65918312,12.11879786,118.38560063,6.45553581,115.10856684,10.6966225,55.33998356,1,2,0,5,6,7,8,198.0,267.0,3,4,19,16,4.0,Out of Bounds,2.0
595,70,9,00:40:47,73425,73440,6,push,1,31.28534775,25.46613671,19.06945491,42.41177806,25.65468483,93.81466982,21.68923875,115.20688893,10.6966225,55.33998356,39.63752445,114.78948113,2,1,0,5,6,7,8,198.0,267.0,3,4,19,16,4.0,Out of Bounds,2.0
596,70,10,00:40:48,73440,73450,8,smash,1,29.2385764,25.72113982,23.47626355,49.27846339,30.13238378,91.54357695,29.92945848,113.13722852,39.63752445,114.78948113,24.4320709,46.96801653,1,2,0,5,6,7,8,198.0,267.0,3,4,19,16,4.0,Out of Bounds,2.0
597,70,11,00:40:48,73450,73472,6,drive,0,30.13633708,23.29003161,23.57640894,45.33086835,30.66149586,91.54736427,35.2432255,111.59863485,24.4320709,46.96801653,45.34672767,101.57063542,2,2,0,5,6,7,8,198.0,267.0,3,4,19,16,4.0,Out of Bounds,2.0
598,70,12,00:40:49,73472,73498,8,net shot,1,30.86457203,23.02894157,20.84190704,37.46959556,28.96168835,93.83811504,37.86188305,108.00599846,45.34672767,101.57063542,57.09207607,37.48433761,2,2,0,5,6,7,8,198.0,267.0,3,4,19,16,4.0,Out of Bounds,2.0
599,70,13,00:40:49,73498,73539,5,lift,0,43.74508608,30.03766097,35.4170014,37.59726885,41.09871036,88.01282684,36.53223464,108.50770854,57.09207607,37.48433761,50.34130895,125.30587525,2,1,0,5,6,7,8,198.0,267.0,3,4,19,16,4.0,Out of Bounds,2.0
600,70,14,00:40:51,73539,73560,8,drop,0,45.26887601,23.16132742,22.78050207,25.11552859,42.91700119,103.52028992,52.66276739,128.18554713,50.34130895,125.30587525,35.16390059,45.75382272,1,2,0,5,6,7,8,198.0,267.0,3,4,19,16,4.0,Out of Bounds,2.0
601,70,15,00:40:52,73560,73582,5,lift,1,39.20963329,37.63049112,23.41600219,28.72337455,35.85387599,97.17217105,48.7755581,124.72908882,35.16390059,45.75382272,16.65727862,120.61171424,2,1,0,5,6,7,8,198.0,267.0,3,4,19,16,4.0,Out of Bounds,2.0
602,70,16,00:40:52,73582,73593,8,smash,0,38.8244056,34.33649026,18.29226836,28.115436,29.81502242,94.3091076,29.46219344,125.17726095,16.65727862,120.61171424,30.98082759,29.92295859,1,2,0,5,6,7,8,198.0,267.0,3,4,19,16,4.0,Out of Bounds,2.0
603,70,17,00:40:53,73593,73605,5,drive,1,37.36849094,28.84922293,14.26844593,31.20350112,27.11857474,97.11109306,16.67657096,117.32719595,30.98082759,29.92295859,28.00165739,93.83130884,2,1,0,5,6,7,8,198.0,267.0,3,4,19,16,4.0,Out of Bounds,2.0
604,70,18,00:40:53,73605,73616,7,push,0,36.34272653,24.96701912,15.15664518,31.7887128,27.76903735,96.64172479,12.1741467,119.48095288,28.00165739,93.83130884,16.38711979,32.37982898,1,2,0,5,6,7,8,198.0,267.0,3,4,19,16,4.0,Out of Bounds,2.0
605,70,19,00:40:53,73616,73634,6,drive,0,37.97234824,27.17870558,15.74649279,31.79397818,29.16289237,99.51775578,20.95732908,116.8137061,16.38711979,32.37982898,9.01159381,114.59132916,2,2,0,5,6,7,8,198.0,267.0,3,4,19,16,4.0,Out of Bounds,2.0
606,70,20,00:40:54,73634,73671,8,lift,0,35.94949856,25.50866688,17.37838993,31.23131581,32.66016703,101.48356108,22.24958249,110.99224311,9.01159381,114.59132916,12.63445447,10.95494771,2,1,0,5,6,7,8,198.0,267.0,3,4,19,16,4.0,Out of Bounds,2.0
607,70,21,00:40:55,73671,73682,6,smash,0,25.22551829,33.92128768,8.23293231,10.43432915,35.03308409,99.55838406,17.62908732,113.58528431,12.63445447,10.95494771,35.90256824,99.56440186,1,2,0,5,6,7,8,198.0,267.0,3,4,19,16,4.0,Out of Bounds,2.0
608,70,22,00:40:56,73682,73715,7,drive,0,23.8285912,35.3901869,7.68304265,3.50134815,39.42625872,104.48945415,16.85335451,113.0520086,35.90256824,99.56440186,51.92861432,7.56569683,2,2,0,5,6,7,8,198.0,267.0,3,4,19,16,4.0,Out of Bounds,2.0
609,70,23,00:40:57,73715,73764,6,clear,0,22.53412134,33.01752842,37.47261803,9.05703306,48.90239442,109.61592177,28.36712271,106.9263054,51.92861432,7.56569683,63.0617188,129.99178035,2,2,0,5,6,7,8,198.0,267.0,3,4,19,16,4.0,Out of Bounds,2.0
610,71,1,00:41:38,74956,74966,8,short serve,1,30.90280579,31.06485105,39.40574607,42.58692753,32.16672968,108.4786523,29.28495835,91.99519921,-139.84689655,547.81822498,33.48249665,52.75030741,2,2,0,5,6,7,8,198.0,267.0,3,4,20,16,3.0,Out of Bounds,2.0
611,71,2,00:41:38,74966,74981,6,net shot,1,31.06428551,29.92370856,39.16092623,47.7506287,33.09505175,111.58453444,31.39226441,89.73620941,33.48249665,52.75030741,47.76579531,105.54515129,2,2,0,5,6,7,8,198.0,267.0,3,4,20,16,3.0,Out of Bounds,2.0
612,71,3,00:41:39,74981,74998,7,drive,1,31.64392964,29.36185843,37.87350519,52.44393492,38.4205112,108.00972508,32.22220022,88.39471783,47.76579531,105.54515129,51.92144913,26.75223354,2,1,0,5,6,7,8,198.0,267.0,3,4,20,16,3.0,Out of Bounds,2.0
613,71,4,00:41:39,74998,75008,6,drive,0,35.24291234,49.37742217,34.35724617,27.70189831,45.80426177,104.03549309,27.55364589,96.64021573,51.92144913,26.75223354,38.57824316,87.5496001,1,1,0,5,6,7,8,198.0,267.0,3,4,20,16,3.0,Out of Bounds,2.0
614,71,5,00:41:40,75008,75020,7,drive,0,45.96723738,26.14774002,36.04730358,45.43721046,46.57904954,94.42772606,23.76643675,102.89570296,38.57824316,87.5496001,39.53330311,48.08395416,1,1,0,5,6,7,8,198.0,267.0,3,4,20,16,3.0,Out of Bounds,2.0
615,71,6,00:41:40,75020,75029,6,push,0,46.74605602,26.70521029,35.43138538,41.92201163,49.57240605,97.74321704,23.4051789,104.38090033,39.53330311,48.08395416,44.76405052,98.66462442,1,2,0,5,6,7,8,198.0,267.0,3,4,20,16,3.0,Out of Bounds,2.0
616,71,7,00:41:40,75029,75041,7,drive,0,41.32250968,26.65593233,34.3543912,40.66109123,53.30609364,95.87804205,24.80125287,106.90240989,44.76405052,98.66462442,44.92949759,45.18975322,2,1,0,5,6,7,8,198.0,267.0,3,4,20,16,3.0,Out of Bounds,2.0
617,71,8,00:41:41,75041,75054,6,push,0,33.1553429,24.66624839,36.35430442,40.36756057,56.84409416,103.1212864,25.09676534,109.45819945,44.92949759,45.18975322,35.25234847,112.12134376,1,2,0,5,6,7,8,198.0,267.0,3,4,20,16,3.0,Out of Bounds,2.0
618,71,9,00:41:41,75054,75070,8,drive,1,33.47703635,24.39819241,37.41053313,40.68758342,55.04551391,106.5998161,26.6488871,111.54222242,35.25234847,112.12134376,24.98843736,25.13567958,2,1,0,5,6,7,8,198.0,267.0,3,4,20,16,3.0,Out of Bounds,2.0
619,71,10,00:41:42,75070,75091,5,net shot,0,26.58868325,21.92478807,37.73924843,40.06952655,47.96593082,107.05764042,27.64518801,114.71188985,24.98843736,25.13567958,22.51439918,95.66144925,1,2,0,5,6,7,8,198.0,267.0,3,4,20,16,3.0,Out of Bounds,2.0
620,71,11,00:41:43,75091,75133,8,lift,1,21.96627279,22.67995326,27.01378116,40.90921752,44.94723905,104.52686259,21.02617068,106.37133624,22.51439918,95.66144925,14.36821597,9.30608671,2,1,0,5,6,7,8,198.0,267.0,3,4,20,16,3.0,Out of Bounds,2.0
621,71,12,00:41:44,75133,75141,5,smash,0,11.93860687,3.99049709,22.49049426,37.18092746,38.18238798,111.61792723,11.3822236,115.1403649,14.36821597,9.30608671,11.5676938,111.96624722,1,2,0,5,6,7,8,198.0,267.0,3,4,20,16,3.0,Out of Bounds,2.0
622,71,13,00:41:44,75141,75155,8,drive,1,11.08928012,3.53460441,22.62620481,38.39921124,38.19643846,112.14062283,11.86377304,116.75544868,11.5676938,111.96624722,17.71373767,39.58612922,2,2,0,5,6,7,8,198.0,267.0,3,4,20,16,3.0,Out of Bounds,2.0
623,71,14,00:41:45,75155,75176,6,net shot,1,16.28607286,10.27286378,26.15316428,39.96887904,33.67334687,112.63543353,12.12947156,114.07961855,17.71373767,39.58612922,13.77007955,81.27704172,2,2,0,5,6,7,8,198.0,267.0,3,4,20,16,3.0,Out of Bounds,2.0
624,71,15,00:41:45,75176,75191,7,push,0,22.05900953,20.0435224,25.34585556,41.20735687,21.70676661,93.78668079,17.5557567,106.85385656,13.77007955,81.27704172,9.73266376,26.36890923,2,2,0,5,6,7,8,198.0,267.0,3,4,20,16,3.0,Out of Bounds,2.0
625,71,16,00:41:46,75191,75206,5,drive,1,16.74072348,23.43555601,21.3371033,48.26143975,20.65730888,86.5329776,23.05152017,110.47816823,9.73266376,26.36890923,36.04317169,106.47219305,2,2,0,5,6,7,8,198.0,267.0,3,4,20,16,3.0,Out of Bounds,2.0
626,71,17,00:41:46,75206,75232,8,drive,1,12.47297893,25.02145573,24.35683574,46.31284677,26.61880102,83.95087585,27.47188061,107.42765671,36.04317169,106.47219305,52.22495537,20.06330035,2,1,0,5,6,7,8,198.0,267.0,3,4,20,16,3.0,Out of Bounds,2.0
627,71,18,00:41:47,75232,75248,5,drive,0,34.33452895,22.52725468,29.9023496,46.03406014,25.84342229,103.89995013,36.05552356,112.6509959,52.22495537,20.06330035,49.78751484,111.17342512,1,1,0,5,6,7,8,198.0,267.0,3,4,20,16,3.0,Out of Bounds,2.0
628,71,19,00:41:48,75248,75263,8,net shot,1,54.26935136,17.00893197,33.80970058,39.41760793,24.53490572,109.45447689,42.25115135,111.64463421,49.78751484,111.17342512,53.05897264,40.20260793,1,2,0,5,6,7,8,198.0,267.0,3,4,20,16,3.0,Out of Bounds,2.0
629,71,20,00:41:48,75263,75287,6,lift,0,50.3997467,25.36759898,35.01926138,39.1204478,27.52089987,100.96045782,46.93434913,104.54032663,53.05897264,40.20260793,59.32062573,119.23151492,2,1,0,5,6,7,8,198.0,267.0,3,4,20,16,3.0,Out of Bounds,2.0
630,71,21,00:41:49,75287,75296,8,smash,0,43.42537715,24.76014486,50.6669653,33.85306318,40.30725994,98.15534315,47.64067531,119.15744118,59.32062573,119.23151492,53.20164425,32.12832803,1,2,0,5,6,7,8,198.0,267.0,3,4,20,16,3.0,Out of Bounds,2.0
631,71,22,00:41:49,75296,75322,6,lift,1,33.50490317,21.19673834,47.55029302,27.54311442,40.59263966,100.07980095,50.36165381,121.93273489,53.20164425,32.12832803,55.44519633,117.03465092,2,1,0,5,6,7,8,198.0,267.0,3,4,20,16,3.0,Out of Bounds,2.0
632,71,23,00:41:50,75322,75333,8,smash,0,20.03520383,24.27518887,43.05299234,22.60752162,36.92654217,101.51284339,58.51138542,119.22638275,55.44519633,117.03465092,19.75986959,28.69039703,1,2,0,5,6,7,8,198.0,267.0,3,4,20,16,3.0,Out of Bounds,2.0
633,71,24,00:41:51,75333,75348,5,net shot,1,20.63884388,23.47132052,42.69933455,22.07336537,34.02766197,97.63474605,42.955579,89.81960143,19.75986959,28.69039703,42.99904632,88.47286885,2,1,0,5,6,7,8,198.0,267.0,3,4,20,16,3.0,Out of Bounds,2.0
634,71,25,00:41:51,75348,75372,7,net shot,0,20.47919823,25.3676006,39.40902878,24.18217814,30.23617102,90.17985936,43.13141866,113.75108926,42.99904632,88.47286885,38.11578461,48.73500305,1,2,0,5,6,7,8,198.0,267.0,3,4,20,16,3.0,Out of Bounds,2.0
635,71,26,00:41:52,75372,75415,6,lift,0,21.82750561,28.99091626,36.8197394,35.50479667,38.35642921,87.10443992,35.61155847,113.17426005,38.11578461,48.73500305,54.56523263,128.19710438,2,1,0,5,6,7,8,198.0,267.0,3,4,20,16,3.0,Out of Bounds,2.0
636,71,27,00:41:53,75415,75435,8,drop,0,21.89566785,27.03289792,44.16389104,26.13132548,42.0270414,100.57418577,55.55074662,131.70862909,54.56523263,128.19710438,29.18945348,45.37873204,1,2,0,5,6,7,8,198.0,267.0,3,4,20,16,3.0,Out of Bounds,2.0
637,71,28,00:41:54,75435,75461,6,lift,1,20.13951834,33.58213816,37.23750372,35.21084608,33.959546,100.51858132,52.34597992,130.51257089,29.18945348,45.37873204,12.40292057,121.69511,2,1,0,5,6,7,8,198.0,267.0,3,4,20,16,3.0,Out of Bounds,2.0
638,71,29,00:41:55,75461,75476,8,smash,0,18.59599113,27.00297146,31.39326342,41.8871571,24.30490988,97.56690084,21.71255904,123.43265266,12.40292057,121.69511,25.98203996,29.31088422,1,2,0,5,6,7,8,198.0,267.0,3,4,20,16,3.0,Out of Bounds,2.0
639,71,30,00:41:55,75476,75502,5,net shot,0,18.1152554,26.72150472,21.17974046,47.59851936,27.41934649,99.98881586,19.87084722,118.43488942,25.98203996,29.31088422,4.99840258,86.86121452,2,2,0,5,6,7,8,198.0,267.0,3,4,20,16,3.0,Out of Bounds,2.0
640,71,31,00:41:56,75502,75526,7,push,0,23.86251634,21.37097827,24.14835902,43.72723472,20.04433542,95.6440745,22.90421651,112.04048328,4.99840258,86.86121452,47.00096228,18.46697029,2,1,0,5,6,7,8,198.0,267.0,3,4,20,16,3.0,Out of Bounds,2.0
641,71,32,00:41:57,75526,75540,5,drive,0,32.33590369,17.30986012,28.42937055,38.14449854,20.08857059,104.35842802,34.14902247,114.2224339,47.00096228,18.46697029,53.58791557,112.24141235,1,1,0,5,6,7,8,198.0,267.0,3,4,20,16,3.0,Out of Bounds,2.0
642,71,33,00:41:58,75540,75552,8,drive,1,39.0849026,16.61421396,33.51089795,36.97532346,18.44673379,109.93010942,38.86058345,111.62237885,53.58791557,112.24141235,52.8661513,44.61381068,1,1,0,5,6,7,8,198.0,267.0,3,4,20,16,3.0,Out of Bounds,2.0
643,71,34,00:41:58,75552,75575,6,net shot,0,37.93187773,19.41208005,43.62630308,41.05306964,22.78353851,107.39630988,46.60164291,110.63347578,52.8661513,44.61381068,59.63146246,91.75472798,1,2,0,5,6,7,8,198.0,267.0,3,4,20,16,3.0,Out of Bounds,2.0
644,71,35,00:41:59,75575,75614,8,lift,1,33.68389687,22.2554263,44.91755685,40.7526581,29.1349357,112.60578483,49.25234801,104.55603266,59.63146246,91.75472798,13.9566813,10.72803039,2,1,0,5,6,7,8,198.0,267.0,3,4,20,16,3.0,Out of Bounds,2.0
645,71,36,00:42:00,75614,75629,5,smash,0,12.18398383,8.11146132,28.95572814,36.033104,19.56588574,113.59787652,44.49652642,113.75996459,13.9566813,10.72803039,21.94233582,105.37094549,1,2,0,5,6,7,8,198.0,267.0,3,4,20,16,3.0,Out of Bounds,2.0
646,71,37,00:42:00,75629,75651,7,net shot,1,8.79685266,0.64966989,25.20237465,35.10456416,18.00172332,106.85684506,39.60079611,106.49608667,21.94233582,105.37094549,9.78176588,50.50835858,2,2,0,5,6,7,8,198.0,267.0,3,4,20,16,3.0,Out of Bounds,2.0
647,71,38,00:42:01,75651,75677,6,net shot,1,18.95479488,13.44051463,16.9719159,42.0777862,17.25472261,103.3456542,35.13017055,111.59789277,9.78176588,50.50835858,49.16908735,88.51761246,2,2,0,5,6,7,8,198.0,267.0,3,4,20,16,3.0,Out of Bounds,2.0
648,71,39,00:42:02,75677,75716,8,lift,1,28.68792967,21.15220158,23.7882018,47.62058528,20.46972844,106.36759908,39.87955385,101.53311141,49.16908735,88.51761246,60.4255704,20.66006368,2,2,0,5,6,7,8,198.0,267.0,3,4,20,16,3.0,Out of Bounds,2.0
649,71,40,00:42:03,75716,75742,5,net shot,0,48.96840785,19.25646237,32.83837691,38.18304048,29.92674929,106.43111408,49.07881526,107.06509805,60.4255704,20.66006368,55.47085361,91.2690452,2,1,0,5,6,7,8,198.0,267.0,3,4,20,16,3.0,Out of Bounds,2.0
650,71,41,00:42:04,75742,75750,8,push,1,35.99313345,21.21974401,32.92082585,37.87919331,30.15265933,109.49169688,47.03771372,98.68042556,55.47085361,91.2690452,29.98656246,39.38432652,1,1,0,5,6,7,8,198.0,267.0,3,4,20,16,3.0,Out of Bounds,2.0
651,71,42,00:42:05,75750,75763,6,drive,0,31.97451462,20.65780618,31.45528339,38.17094998,31.62204511,111.05390793,50.46861496,98.22610516,29.98656246,39.38432652,29.47970291,108.46076779,1,2,0,5,6,7,8,198.0,267.0,3,4,20,16,3.0,Out of Bounds,2.0
652,71,43,00:42:05,75763,75780,7,net shot,1,26.65424824,22.99024568,31.12130485,40.32215001,32.42100755,112.10280301,50.15637337,101.60364647,29.47970291,108.46076779,49.95914709,45.87984279,2,1,0,5,6,7,8,198.0,267.0,3,4,20,16,3.0,Out of Bounds,2.0
653,71,44,00:42:06,75780,75791,6,push,0,28.60478653,21.67876931,34.67304531,43.49840638,29.36262498,112.0827755,46.6021622,108.5747327,49.95914709,45.87984279,46.6581617,107.55593856,1,2,0,5,6,7,8,198.0,267.0,3,4,20,16,3.0,Out of Bounds,2.0
654,71,45,00:42:06,75791,75820,8,lift,0,29.97442551,23.55697267,44.41544289,45.50856745,25.3823988,113.10759431,47.44358292,109.60625653,46.6581617,107.55593856,56.95916618,20.36728633,2,1,0,5,6,7,8,198.0,267.0,3,4,20,16,3.0,Out of Bounds,2.0
655,71,46,00:42:07,75820,75833,5,drive,0,46.24575555,20.00778598,41.64059001,45.16167642,28.56129034,114.18619275,48.64143693,112.73321764,56.95916618,20.36728633,42.22128536,113.74517197,1,2,0,5,6,7,8,198.0,267.0,3,4,20,16,3.0,Out of Bounds,2.0
656,71,47,00:42:07,75833,75895,8,lift,1,55.01721466,14.02741954,40.49810588,39.47583224,30.37924767,110.52649288,48.45801831,115.37966125,42.22128536,113.74517197,-2.44400109,1.41144826,2,2,0,5,6,7,8,198.0,267.0,3,4,20,16,3.0,Out of Bounds,2.0
657,72,1,00:42:59,77373,77384,6,short serve,1,29.39953475,27.37864541,31.67612898,44.43251044,33.15204867,106.45277576,22.07572461,91.94369422,-139.84689655,547.81822498,27.37385222,80.10700502,2,2,0,5,6,7,8,198.0,267.0,3,4,21,16,3.0,Failed Return,2.0
658,72,2,00:42:59,77384,77398,8,net shot,1,28.16726807,26.53640474,31.61116473,47.68676254,31.78167397,100.98976335,22.90461472,88.32714901,27.37385222,80.10700502,12.54389728,46.21245696,2,2,0,5,6,7,8,198.0,267.0,3,4,21,16,3.0,Failed Return,2.0
659,72,3,00:42:59,77398,77410,6,push,1,19.74750121,28.97217247,26.71535977,43.74924658,30.14863422,105.92862763,23.20608859,84.35998938,12.54389728,46.21245696,8.76136084,88.22458563,2,1,0,5,6,7,8,198.0,267.0,3,4,21,16,3.0,Failed Return,2.0
660,72,4,00:43:00,77410,77422,8,push,0,18.27812678,28.39582519,13.22962136,40.1668908,27.11034745,110.50493525,22.72807274,86.99048794,8.76136084,88.22458563,9.35690697,33.48644462,1,1,0,5,6,7,8,198.0,267.0,3,4,21,16,3.0,Failed Return,2.0
661,72,5,00:43:00,77422,77447,6,net shot,1,27.35664035,25.43031271,10.25531021,32.90834304,17.2789338,110.95953941,18.97915482,89.64668887,9.35690697,33.48644462,43.04652858,106.51922881,1,2,0,5,6,7,8,198.0,267.0,3,4,21,16,3.0,Failed Return,2.0
662,72,6,00:43:01,77447,77471,7,lift,1,31.54619272,38.78325055,10.15309163,20.71795938,25.38982626,112.58131863,23.90608828,90.58777763,43.04652858,106.51922881,78.64573151,36.77013427,2,2,0,5,6,7,8,198.0,267.0,3,4,21,16,3.0,Failed Return,2.0
